id_from;id_to;name_from;name_to;cost
27;26;Варшавская;Каховская;3;
27;25;Варшавская;Каширская (11);3;
37;38;Аэропорт;Сокол;3;
37;36;Аэропорт;Динамо;3;
145;146;Нагорная;Нахимовский проспект;3;
145;144;Нагорная;Нагатинская;3;
36;35;Динамо;Белорусская (2);3;
10;9;Охотный Ряд;Лубянка;3;
10;32;Охотный Ряд;Театральная;5;
10;11;Охотный Ряд;Библиотека им. Ленина;3;
76;75;Парк культуры (5);Октябрьская (5);3;
76;13;Парк культуры (5);Парк культуры (1);5;
76;77;Парк культуры (5);Киевская (5);3;
11;54;Библиотека им. Ленина;Александровский сад;5;
11;44;Библиотека им. Ленина;Арбатская (3);5;
11;12;Библиотека им. Ленина;Кропоткинская;3;
11;140;Библиотека им. Ленина;Боровицкая;5;
4;5;Сокольники;Красносельская;3;
4;3;Сокольники;Преображенская площадь;3;
122;121;Беговая;Улица 1905 года;3;
122;123;Беговая;Полежаевская;3;
5;6;Красносельская;Комсомольская (1);3;
152;151;Римская;Чкаловская;3;
152;153;Римская;Крестьянская Застава;3;
152;83;Римская;Площадь Ильича;5;
110;111;Выхино;Рязанский проспект;3;
38;39;Сокол;Войковская;3;
17;16;Университет;Воробьёвы горы;3;
17;18;Университет;Проспект Вернадского;3;
163;164;Аннино;Бульвар Дмитрия Донского;3;
163;162;Аннино;Улица Академика Янгеля;3;
20;225;Красногвардейская;Алма-Атинская;3;
20;222;Красногвардейская;Зябликово;5;
20;21;Красногвардейская;Домодедовская;3;
137;68;Менделеевская;Новослободская;5;
137;136;Менделеевская;Савёловская;3;
137;138;Менделеевская;Цветной бульвар;3;
102;101;Профсоюзная;Академическая;3;
102;103;Профсоюзная;Новые Черёмушки;3;
81;82;Шоссе Энтузиастов;Авиамоторная;3;
81;80;Шоссе Энтузиастов;Перово;3;
124;123;Октябрьское Поле;Полежаевская;3;
124;125;Октябрьское Поле;Щукинская;3;
50;51;Партизанская;Измайловская;3;
50;49;Партизанская;Семёновская;3;
186;79;Новокосино;Новогиреево;3;
141;142;Полянка;Серпуховская;3;
141;140;Полянка;Боровицкая;3;
61;62;Багратионовская;Филёвский парк;3;
61;60;Багратионовская;Фили;3;
2;1;Черкизовская;Улица Подбельского;3;
2;3;Черкизовская;Преображенская площадь;3;
82;83;Авиамоторная;Площадь Ильича;3;
53;52;Щёлковская;Первомайская;3;
112;111;Кузьминки;Рязанский проспект;3;
112;113;Кузьминки;Текстильщики;3;
212;213;Пятницкое шоссе;Митино;3;
142;143;Серпуховская;Тульская;3;
142;74;Серпуховская;Добрынинская;5;
46;45;Курская (3);Пл. Революции;3;
46;151;Курская (3);Чкаловская;5;
46;47;Курская (3);Бауманская;3;
46;71;Курская (3);Курская (5);5;
78;67;Краснопресненская;Белорусская (5);3;
78;120;Краснопресненская;Баррикадная;5;
78;77;Краснопресненская;Киевская (5);3;
120;121;Баррикадная;Улица 1905 года;3;
120;119;Баррикадная;Пушкинская;3;
217;218;Марьина Роща;Достоевская;3;
83;84;Площадь Ильича;Марксистская;3;
35;67;Белорусская (2);Белорусская (5);5;
35;34;Белорусская (2);Маяковская;3;
218;166;Достоевская;Трубная;3;
89;88;Ботанический сад;Свиблово;3;
89;90;Ботанический сад;ВДНХ;3;
7;8;Красные Ворота;Чистые пруды;3;
7;6;Красные Ворота;Комсомольская (1);3;
25;226;Каширская (11);Каширская (2);5;
69;68;Проспект Мира (5);Новослободская;3;
69;93;Проспект Мира (5);Проспект Мира (6);5;
69;70;Проспект Мира (5);Комсомольская (5);3;
30;29;Павелецкая (2);Автозаводская;3;
30;31;Павелецкая (2);Новокузнецкая;3;
30;73;Павелецкая (2);Павелецкая (5);5;
214;213;Волоколамская;Митино;3;
214;215;Волоколамская;Мякинино;3;
116;72;Таганская (7);Таганская (5);5;
116;84;Таганская (7);Марксистская;5;
116;227;Таганская (7);Китай-город (7);3;
116;115;Таганская (7);Пролетарская;3;
162;150;Улица Академика Янгеля;Пражская;3;
31;32;Новокузнецкая;Театральная;3;
31;97;Новокузнецкая;Третьяковская (6);5;
31;85;Новокузнецкая;Третьяковская (8);5;
146;147;Нахимовский проспект;Севастопольская;3;
211;66;Строгино;Крылатское;3;
211;215;Строгино;Мякинино;3;
106;105;Коньково;Беляево;3;
106;107;Коньково;Тёплый Стан;3;
195;194;Бунинская аллея;Улица Горчакова;3;
227;96;Китай-город (7);Китай-город (6);5;
227;118;Китай-город (7);Кузнецкий Мост;3;
79;80;Новогиреево;Перово;3;
114;115;Волгоградский проспект;Пролетарская;3;
114;113;Волгоградский проспект;Текстильщики;3;
135;136;Дмитровская;Савёловская;3;
135;134;Дмитровская;Тимирязевская;3;
157;156;Люблино;Волжская;3;
157;158;Люблино;Братиславская;3;
126;125;Тушинская;Щукинская;3;
126;127;Тушинская;Сходненская;3;
47;48;Бауманская;Электрозаводская;3;
92;91;Рижская;Алексеевская;3;
92;93;Рижская;Проспект Мира (6);3;
133;132;Петровско-Разумовская;Владыкино;3;
133;134;Петровско-Разумовская;Тимирязевская;3;
115;153;Пролетарская;Крестьянская Застава;5;
84;72;Марксистская;Таганская (5);5;
84;85;Марксистская;Третьяковская (8);3;
26;147;Каховская;Севастопольская;5;
70;6;Комсомольская (5);Комсомольская (1);5;
70;71;Комсомольская (5);Курская (5);3;
52;51;Первомайская;Измайловская;3;
44;54;Арбатская (3);Александровский сад;5;
44;45;Арбатская (3);Пл. Революции;3;
44;43;Арбатская (3);Смоленская (3);3;
44;140;Арбатская (3);Боровицкая;5;
93;94;Проспект Мира (6);Сухаревская;3;
164;191;Бульвар Дмитрия Донского;Улица Старокачаловская;5;
97;96;Третьяковская (6);Китай-город (6);3;
97;85;Третьяковская (6);Третьяковская (8);5;
97;98;Третьяковская (6);Октябрьская (6);3;
33;139;Тверская;Чеховская;5;
33;119;Тверская;Пушкинская;5;
33;34;Тверская;Маяковская;3;
33;32;Тверская;Театральная;3;
75;74;Октябрьская (5);Добрынинская;3;
75;98;Октябрьская (5);Октябрьская (6);5;
119;139;Пушкинская;Чеховская;5;
119;118;Пушкинская;Кузнецкий Мост;3;
74;73;Добрынинская;Павелецкая (5);3;
154;155;Кожуховская;Печатники;3;
154;161;Кожуховская;Дубровка;3;
104;103;Калужская;Новые Черёмушки;3;
104;105;Калужская;Беляево;3;
94;95;Сухаревская;Тургеневская;3;
68;67;Новослободская;Белорусская (5);3;
56;55;Смоленская (4);Арбатская (4);3;
56;57;Смоленская (4);Киевская (4);3;
39;40;Войковская;Водный стадион;3;
62;63;Филёвский парк;Пионерская;3;
219;8;Сретенский бульвар;Чистые пруды;5;
219;95;Сретенский бульвар;Тургеневская;5;
219;151;Сретенский бульвар;Чкаловская;3;
219;166;Сретенский бульвар;Трубная;3;
29;28;Автозаводская;Коломенская;3;
88;87;Свиблово;Бабушкинская;3;
22;23;Орехово;Царицыно;3;
22;21;Орехово;Домодедовская;3;
49;48;Семёновская;Электрозаводская;3;
158;159;Братиславская;Марьино;3;
14;15;Фрунзенская;Спортивная;3;
14;13;Фрунзенская;Парк культуры (1);3;
64;210;Кунцевская (4);Кунцевская (3);5;
64;63;Кунцевская (4);Пионерская;3;
98;99;Октябрьская (6);Шаболовская;3;
165;216;Парк победы;Славянский бульвар;3;
165;42;Парк победы;Киевская (3);3;
8;95;Чистые пруды;Тургеневская;5;
8;9;Чистые пруды;Лубянка;3;
192;191;Улица Скобелевская;Улица Старокачаловская;3;
192;193;Улица Скобелевская;Бульвар Адмирала Ушакова;3;
101;100;Академическая;Ленинский проспект;3;
9;118;Лубянка;Кузнецкий Мост;5;
193;194;Бульвар Адмирала Ушакова;Улица Горчакова;3;
41;40;Речной вокзал;Водный стадион;3;
60;59;Фили;Кутузовская;3;
159;220;Марьино;Борисово;3;
65;66;Молодёжная;Крылатское;3;
65;210;Молодёжная;Кунцевская (3);3;
156;155;Волжская;Печатники;3;
16;15;Воробьёвы горы;Спортивная;3;
32;45;Театральная;Пл. Революции;5;
28;226;Коломенская;Каширская (2);3;
54;55;Александровский сад;Арбатская (4);3;
59;58;Кутузовская;Студенческая;3;
222;221;Зябликово;Шипиловская;3;
143;144;Тульская;Нагатинская;3;
132;131;Владыкино;Отрадное;3;
108;109;Ясенево;Новоясеневская;3;
108;107;Ясенево;Тёплый Стан;3;
23;24;Царицыно;Кантемировская;3;
210;216;Кунцевская (3);Славянский бульвар;3;
221;220;Шипиловская;Борисово;3;
149;148;Южная;Чертановская;3;
149;150;Южная;Пражская;3;
95;96;Тургеневская;Китай-город (6);3;
151;71;Чкаловская;Курская (5);5;
100;99;Ленинский проспект;Шаболовская;3;
189;188;Международная;Выставочная;3;
127;128;Сходненская;Планерная;3;
42;57;Киевская (3);Киевская (4);5;
42;43;Киевская (3);Смоленская (3);3;
42;77;Киевская (3);Киевская (5);5;
13;12;Парк культуры (1);Кропоткинская;3;
19;18;Юго-Западная;Проспект Вернадского;3;
226;24;Каширская (2);Кантемировская;3;
147;148;Севастопольская;Чертановская;3;
90;91;ВДНХ;Алексеевская;3;
140;139;Боровицкая;Чеховская;3;
87;86;Бабушкинская;Медведково;3;
166;138;Трубная;Цветной бульвар;5;
131;130;Отрадное;Бибирево;3;
77;57;Киевская (5);Киевская (4);5;
129;130;Алтуфьево;Бибирево;3;
73;72;Павелецкая (5);Таганская (5);3;
71;72;Курская (5);Таганская (5);3;
161;153;Дубровка;Крестьянская Застава;3;
138;139;Цветной бульвар;Чеховская;3;
188;57;Выставочная;Киевская (4);3;
57;58;Киевская (4);Студенческая;3;