id_line;name;color
1;Сокольническая;#ed1b35
2;Замоскворецкая;#44b85c
3;Арбатско-Покровская;#0078bf
4;Филевская;#19c1f3
5;Кольцевая;#894e35
6;Калужско-Рижская;#f58631
7;Таганско-Краснопресненская;#8e479c
8;Калининская;#ffcb31
9;Серпуховско-Тимирязевская;#a1a2a3
10;Люблинско-Дмитровская;#b3d445
11;Каховская;#79cdcd
12;Бутовская;#acbfe1
