id_station;id_line;name;name_en;lat;lon
212;3;Пятницкое шоссе;Pyatnitskoye Shosse;55.853634;37.353108
213;3;Митино;Mitino;55.845556;37.361944
214;3;Волоколамская;Volokolamskaya;55.835278;37.382222
215;3;Мякинино;Myakinino;55.825556;37.385833
211;3;Строгино;Strogino;55.803889;37.402778
66;3;Крылатское;Krilatskoye;55.756667;37.407778
65;3;Молодежная;Molodyojnaya;55.740833;37.416667
210;3;Кунцевская;Kuntsevskaya;55.730833;37.445833
216;3;Славянский бульвар;Slavyansky Bulvar;55.729722;37.471389
165;3;Парк Победы;Park Pobedy;55.736111;37.516667
42;3;Киевская;Kievskaya;55.743889;37.565
43;3;Смоленская;Smolenskaya;55.747778;37.581944
44;3;Арбатская;Arbatskaya;55.752222;37.606111
45;3;Площадь Революции;Ploschad Revolyutsii;55.756389;37.621389
46;3;Курская;Kurskaya;55.759167;37.660833
47;3;Бауманская;Baumanskaya;55.772361;37.679028
48;3;Электрозаводская;Elektrozavodskaya;55.781944;37.7025
49;3;Семеновская;Semyonovskaya;55.783056;37.722222
50;3;Партизанская;Partizanskaya;55.788056;37.752222
51;3;Измайловская;Izmaylovskaya;55.787778;37.781667
52;3;Первомайская;Pervomayskaya;55.794444;37.799444
53;3;Щелковская;Schyolkovskaya;55.809444;37.798611
64;4;Кунцевская;Kuntsevskaya;55.730833;37.445833
63;4;Пионерская;Pionerskaya;55.736111;37.466944
62;4;Филевский парк;Filyovsky Park;55.739444;37.483333
61;4;Багратионовская;Bagrationovskaya;55.743889;37.4975
60;4;Фили;Fili;55.746111;37.514444
59;4;Кутузовская;Kutuzovskaya;55.74;37.535
58;4;Студенческая;Studencheskaya;55.738889;37.548333
57;4;Киевская;Kievskaya;55.743333;37.565278
56;4;Смоленская;Smolenskaya;55.748611;37.582778
55;4;Арбатская;Arbatskaya;55.751944;37.600556
54;4;Александровский сад;Aleksandrovsky Sad;55.7525;37.6075
189;4;Международная;Mejdunarodnaya;55.748056;37.532778
188;4;Выставочная;Vistavochnaya;55.748611;37.538056
191;12;Улица Старокачаловская;Ulitsa Starokachalovskaya;55.569722;37.576111
192;12;Улица Скобелевская;Ulitsa Skobelevskaya;55.548056;37.554444
193;12;Бульвар Адмирала Ушакова;Bulvar Admirala Ushakova;55.545556;37.543056
194;12;Улица Горчакова;Ulitsa Gorchakova;55.541667;37.530556
195;12;Бунинская аллея;Buninskaya Alleya;55.538056;37.515833
41;2;Речной вокзал;Rechnoy Vokzal;55.854722;37.476111
40;2;Водный стадион;Vodny Stadion;55.839722;37.486389
39;2;Войковская;Voykovskaya;55.819167;37.4975
38;2;Сокол;Sokol;55.804722;37.515278
37;2;Аэропорт;Aeroport;55.8;37.532222
36;2;Динамо;Dinamo;55.789722;37.558056
35;2;Белорусская;Belorusskaya;55.776944;37.583889
34;2;Маяковская;Mayakovskaya;55.769167;37.596389
33;2;Тверская;Tverskaya;55.765;37.605556
32;2;Театральная;Teatralnaya;55.757778;37.618611
31;2;Новокузнецкая;Novokuznetskaya;55.741111;37.629444
30;2;Павелецкая;Paveletskaya;55.730556;37.636389
29;2;Автозаводская;Avtozavodskaya;55.707222;37.6575
28;2;Коломенская;Kolomenskaya;55.678056;37.663889
226;2;Каширская;Kashirskaya;55.655;37.648611
24;2;Кантемировская;Kantemirovskaya;55.635833;37.656111
23;2;Царицыно;Tsaritsino;55.621667;37.669167
22;2;Орехово;Orekhovo;55.613056;37.694722
21;2;Домодедовская;Domodedovskaya;55.610833;37.719722
20;2;Красногвардейская;Krasnogvardeyskaya;55.613889;37.745
225;2;Алма-Атинская;Alma-Atinskaya;55.632778;37.766111
186;8;Новокосино;Novokosino;55.7452;37.864
79;8;Новогиреево;Novogireevo;55.751667;37.817222
80;8;Перово;Perovo;55.751111;37.786667
81;8;Шоссе Энтузиастов;Shosse Entuziastov;55.758056;37.749722
82;8;Авиамоторная;Aviamotornaya;55.751944;37.719444
83;8;Площадь Ильича;Ploschad Ilyicha;55.746944;37.683056
84;8;Марксистская;Marksistskaya;55.741667;37.655556
85;8;Третьяковская;Tretyakovskaya;55.740833;37.6275
86;6;Медведково;Medvedkovo;55.887222;37.661389
87;6;Бабушкинская;Babushkinskaya;55.869444;37.664444
88;6;Свиблово;Sviblobo;55.855278;37.652778
89;6;Ботанический сад;Botanichesky Sad;55.845;37.638611
90;6;ВДНХ;V.D.N.Ha;55.822283;37.641494
91;6;Алексеевская;Alekseevskaya;55.807778;37.638611
92;6;Рижская;Rijskaya;55.792508;37.636186
93;6;Проспект Мира;Prospekt Mira;55.780833;37.6325
94;6;Сухаревская;Sukharevskaya;55.773056;37.632778
95;6;Тургеневская;Turgenevskaya;55.765833;37.637778
96;6;Китай-город;Kitay-Gorod;55.755556;37.6325
97;6;Третьяковская;Tretyakovskaya;55.740833;37.6275
98;6;Октябрьская;Oktyabrskaya;55.730278;37.611944
99;6;Шаболовская;Shabolovskaya;55.718611;37.607778
100;6;Ленинский проспект;Leninsky Prospekt;55.7075;37.586389
101;6;Академическая;Akademicheskaya;55.687778;37.573333
102;6;Профсоюзная;Profsoyuznaya;55.678056;37.562778
103;6;Новые Черемушки;Novye Cheremushki;55.670278;37.554444
104;6;Калужская;Kalujskaya;55.657222;37.540278
105;6;Беляево;Belyayevo;55.642778;37.526111
106;6;Коньково;Konkovo;55.633333;37.519167
107;6;Теплый Стан;Tyoply Stan;55.618889;37.507778
108;6;Ясенево;Yasenevo;55.606111;37.533056
109;6;Новоясеневская;Novoyasenevskaya;55.601111;37.554167
25;11;Каширская;Kashirskaya;55.655;37.648611
27;11;Варшавская;Varshavskaya;55.653333;37.619444
26;11;Каховская;Kakhovskaya;55.653056;37.598333
68;5;Новослободская;Novoslobodskaya;55.779517;37.601167
69;5;Проспект Мира;Prospekt Mira;55.779608;37.633626
70;5;Комсомольская;Komsomolskaya;55.776486;37.656169
71;5;Курская;Kurskaya;55.758333;37.659167
72;5;Таганская;Taganskaya;55.741667;37.655556
73;5;Павелецкая;Paveletskaya;55.730556;37.636389
74;5;Добрынинская;Dobryninskaya;55.728983;37.622508
75;5;Октябрьская;Oktyabrskaya;55.729327;37.611183
76;5;Парк культуры;Park Kultury;55.735556;37.594167
77;5;Киевская;Kievskaya;55.7437;37.5672
78;5;Краснопресненская;Krasnopresnenskaya;55.760205;37.577244
67;5;Белорусская;Belorusskaya;55.776944;37.583889
217;10;Марьина Роща;Maryina Roscha;55.793517;37.616223
218;10;Достоевская;Dostoevskaya;55.781667;37.613889
166;10;Трубная;Trubnaya;55.7675;37.621667
219;10;Сретенский бульвар;Sretensky Bulvar;55.765783;37.636714
151;10;Чкаловская;Chkalovskaya;55.756111;37.658889
152;10;Римская;Rimskaya;55.746233;37.682317
153;10;Крестьянская застава;Krestyanskaya Zastava;55.732222;37.665833
161;10;Дубровка;Dubrovka;55.718056;37.676667
154;10;Кожуховская;Kojukhovskaya;55.706111;37.685278
155;10;Печатники;Pechatniki;55.6925;37.727778
156;10;Волжская;Voljskaya;55.690556;37.755556
157;10;Люблино;Lyublino;55.675556;37.761667
158;10;Братиславская;Bratislavskaya;55.659722;37.750556
159;10;Марьино;Maryino;55.648889;37.743889
220;10;Борисово;Borisovo;55.633056;37.743333
221;10;Шипиловская;Shipilovskaya;55.621667;37.743611
222;10;Зябликово;Zyablikovo;55.611944;37.745278
129;9;Алтуфьево;Altufyevo;55.897778;37.586944
130;9;Бибирево;Bibirevo;55.884167;37.603056
131;9;Отрадное;Otradnoye;55.863056;37.604722
132;9;Владыкино;Vladykino;55.847222;37.589722
133;9;Петровско-Разумовская;Petrovsko-Razumovskaya;55.836944;37.574444
134;9;Тимирязевская;Timiryazevskaya;55.818056;37.576667
135;9;Дмитровская;Dmitrovskaya;55.806389;37.581667
136;9;Савеловская;Savelovskaya;55.793611;37.5875
137;9;Менделеевская;Mendeleevskaya;55.782058;37.598794
138;9;Цветной бульвар;Tsvetnoy Bulvar;55.771667;37.620556
139;9;Чеховская;Chekhovskaya;55.765833;37.608333
140;9;Боровицкая;Borovitskaya;55.751111;37.607222
141;9;Полянка;Polyanka;55.737778;37.618333
142;9;Серпуховская;Serpukhovskaya;55.728056;37.624444
143;9;Тульская;Tulskaya;55.708611;37.6225
144;9;Нагатинская;Nagatinskaya;55.683333;37.6225
145;9;Нагорная;Nagornaya;55.672778;37.610556
146;9;Нахимовский проспект;Nakhimovsky Prospect;55.662778;37.605556
147;9;Севастопольская;Sevastopolskaya;55.651433;37.598406
148;9;Чертановская;Chertanovskaya;55.640833;37.605833
149;9;Южная;Yujnaya;55.622222;37.608611
150;9;Пражская;Prajskaya;55.612222;37.603889
162;9;Улица Академика Янгеля;Ulitsa Akademika Yangelya;55.595;37.601667
163;9;Аннино;Annino;55.582778;37.596667
164;9;Бульвар Дмитрия Донского;Bulvar Dmitiya Donskogo;55.569722;37.576111
1;1;Улица Подбельского;Ulitsa Podbelskogo;55.814444;37.733889
2;1;Черкизовская;Cherkizovskaya;55.802778;37.744819
3;1;Преображенская площадь;Preobrajenskaya ploschad;55.796111;37.715556
4;1;Сокольники;Sokolniki;55.789236;37.679661
5;1;Красносельская;Krasnoselskaya;55.779978;37.666036
6;1;Комсомольская;Komsomolskaya;55.776111;37.658889
7;1;Красные ворота;Krasnye Vorota;55.768611;37.65
8;1;Чистые пруды;Chistye Prudy;55.764844;37.638325
9;1;Лубянка;Lubyanka;55.759167;37.627222
10;1;Охотный ряд;Okhotny Ryad;55.757778;37.616667
11;1;Библиотека им. Ленина;Biblioteka imeni Lenina;55.751389;37.609722
12;1;Кропоткинская;Kropotkinskaya;55.744975;37.6015
13;1;Парк культуры;Park Kultury;55.73558;37.594013
14;1;Фрунзенская;Frunzenskaya;55.725833;37.578611
15;1;Спортивная;Sportivnaya;55.723056;37.563611
16;1;Воробьёвы горы;Vorobyovy Gory;55.710333;37.559208
17;1;Университет;Universitet;55.692222;37.532778
18;1;Проспект Вернадского;Prospekt Vernadskogo;55.676944;37.506111
19;1;Юго-Западная;Yugo-Zapadnaya;55.663611;37.482778
128;7;Планерная;Planernaya;55.861748;37.435977
127;7;Сходненская;Skhodnenskaya;55.851511;37.438885
126;7;Тушинская;Tushinskaya;55.828611;37.438056
125;7;Щукинская;Schukinskaya;55.808611;37.464167
124;7;Октябрьское поле;Oktyabrskoye Pole;55.79342;37.49384
123;7;Полежаевская;Polejaevskaya;55.777553;37.519211
122;7;Беговая;Begovaya;55.773611;37.547064
121;7;Улица 1905 года;Ultsa 1905 Goda;55.7652;37.5609
120;7;Баррикадная;Barrikadnaya;55.760556;37.581111
119;7;Пушкинская;Pushkinskaya;55.76544;37.606687
118;7;Кузнецкий мост;Kuznetsky Most;55.760575;37.625812
227;7;Китай-город;Kitay-Gorod;55.755556;37.6325
116;7;Таганская;Taganskaya;55.741667;37.655556
115;7;Пролетарская;Proletarskaya;55.731944;37.665833
114;7;Волгоградский проспект;Volgogradsky Prospekt;55.725278;37.686389
113;7;Текстильщики;Tekstilschiki;55.708889;37.73
112;7;Кузьминки;Kuzminki;55.705278;37.765556
111;7;Рязанский проспект;Ryazansky Prospekt;55.716457;37.792808
110;7;Выхино;Vykhino;55.716275;37.817194
