id_entrance;name;id_station;direction;lat;lon;min_width;min_step;min_step_ramp;lift;lift_minus_step;min_rail_width;max_rail_width;max_angle
14962;;44;in;55.7522236899999;37.61004135;730;47;16;0;0;310;860;20
14963;;44;out;55.7522236899999;37.61004135;730;61;30;0;0;310;860;20
14972;;44;in;55.7520257999999;37.61023103;730;41;41;0;0;0;0;0
14973;;44;out;55.7520257999999;37.61023103;730;55;55;0;0;0;0;0
14982;;44;in;55.7519218667234;37.6123128811922;730;47;16;0;0;310;875;20
14983;;44;out;55.7519218667234;37.6123128811922;730;61;30;0;0;310;875;20
15080;;44;both;55.75237085;37.6034912;735;0;0;0;0;0;0;0
15200;;47;;55.77246507;37.67909885;;;;;;;;
15351;;44;both;55.7523142099999;37.60877575;735;70;70;0;0;0;0;0
15362;;44;in;55.7522236899999;37.61004135;730;41;16;0;0;310;940;23
15363;;44;out;55.7522236899999;37.61004135;730;49;24;0;0;310;940;23
15800;;214;in;55.83640171;37.3817157;850;;;;;;;
15801;;214;out;55.83640171;37.3817157;850;;;;;;;
15810;;214;?;55.83466992;37.3836694;850;;;;;;;
15811;;214;?;55.83466992;37.3836694;850;;;;;;;
16060;;51;;55.78777342;37.77989672;;;;;;;;
16070;;51;;55.7878118;37.78314681;;;;;;;;
16280;;42;;55.74301243;37.56432053;;;;;;;;
16290;;42;;55.74322109;37.56542533;;;;;;;;
16300;;42;;55.74411183;37.56690469;;;;;;;;
16310;;42;;55.74370794;37.56717499;;;;;;;;
16320;;42;;55.7436919;37.5675733;;;;;;;;
16330;;42;;55.74420545;37.56711806;;;;;;;;
16830;;66;both;55.7579053533;37.4072899322;800;28;28;0;0;0;0;0
16840;;66;both;55.7556186382;37.4076061801;800;32;32;0;0;0;0;0
16850;;66;both;55.7553023903;37.4085995226;800;34;0;0;0;410;1070;?
16860;;66;both;55.7576499224;37.4086279039;800;35;0;0;0;360;630;?
16870;;66;both;55.7573580013;37.4073872392;800;39;0;0;0;350;820;?
16880;;66;both;55.7581324031;37.4085549236;800;26;0;0;0;370;860;?
16890;;66;both;55.7556551283;37.4088630625;800;32;0;0;0;410;940;?
16900;;66;both;55.7552861725;37.4076629425;800;33;0;0;0;?;?;?
16960;;210;in;55.7306993141;37.4454999615;?;30;30;0;0;0;0;0
16961;;210;out;55.7306993141;37.4454999615;?;30;30;0;0;0;0;0
16970;;210;in;55.730794843;37.4464731627;?;32;32;0;0;0;0;0
16971;;210;out;55.730794843;37.4464731627;?;32;32;0;0;0;0;0
16980;;210;in;55.7305724397;37.4457089311;?;36;36;1;0;0;0;0
16981;;210;out;55.7305724397;37.4457089311;?;36;36;1;0;0;0;0
16990;;210;in;55.7306634907;37.4463656926;?;40;40;0;0;0;0;0
16991;;210;out;55.7306634907;37.4463656926;?;40;40;0;0;0;0;0
17000;;46;both;55.75862302;37.6590404;800;0;0;0;0;0;0;0
17010;;46;both;55.75855002;37.66035918;700;43;43;0;0;0;0;0
17012;;46;both;557579523;376600452;720;15;0;0;0;310;720;23
17014;;46;both;557585724;37661041;730;15;15;0;0;0;0;0
17020;;46;both;55.76020833;37.66160326;730;15;0;0;0;0;0;0
17440;;213;both;55.8461813568;37.3593954945;800;60;60;1;31;0;0;0
17441;;213;both;55.8464952634;37.3593077853;800;61;31;1;31;400;900;?
17450;;213;both;55.8463983217;37.3611081321;800;76;31;1;31;400;900;?
17460;;213;both;55.8448749514;37.3634301177;800;57;57;0;0;0;0;0
17461;;213;both;55.8447687771;37.3637163267;800;59;27;0;0;0;0;0
17470;;213;both;55.8470122861;37.360568028;800;67;31;1;31;400;900;?
17480;;213;both;55.8455627761;37.363924059;800;71;27;0;0;400;900;?
17490;;213;both;55.8467860887;37.3612558528;800;69;31;1;31;400;900;?
17500;;213;both;55.8461028802;37.3601202495;800;61;61;1;31;0;0;0
17501;;213;both;55.8460521011;37.3605634118;800;65;31;1;31;400;900;?
17510;;65;in;55.7411976639;37.4157678381;730;47;0;0;0;0;0;0
17511;;65;out;55.7412984049;37.415937083;730;0;0;0;0;0;0;0
17520;;65;in;55.7402104025;37.4179720504;730;43;0;0;0;0;0;0
17521;;65;out;55.7403474102;37.4181654731;730;0;0;0;0;0;0;0
17530;;215;both;55.82347788;37.38508791;?;26;0;0;0;400;900;?
18100;;165;both;55.7365697745;37.5168878381;?;29;12;0;0;310;670;?
18110;;165;both;55.7358180205;37.5171017988;?;51;31;0;0;330;620;?
18120;;165;both;55.7363269001;37.517630918;?;49;33;0;0;330;620;?
18130;;165;both;55.7359365663;37.5178043997;?;48;0;0;0;260;620;?
18140;;165;both;55.736653624;37.5174053918;?;39;0;0;0;310;670;?
18150;;50;;55.78848306;37.74946026;;;;;;;;
18160;;52;;55.79566675;37.79892774;;;;;;;;
18170;;52;;55.79368192;37.79905142;;;;;;;;
18180;;52;;55.79567905;37.79972847;;;;;;;;
18190;;52;;55.79370434;37.79978072;;;;;;;;
18361;;45;both;55.7566052899999;37.61960573;700;0;0;0;0;0;0;0
18370;;45;both;55.7565205;37.62341411;700;0;0;0;0;0;0;0
18840;;212;both;55.8544891739;37.3543182246;?;74;29;1;29;400;900;?
18850;;212;both;55.8549780472;37.3546682821;?;67;29;1;29;400;900;?
18860;;212;both;55.8552617145;37.3529662785;?;70;63;1;29;400;900;?
18861;;212;both;55.8548694087;37.3527791788;?;73;29;1;29;400;900;?
18870;;212;?;55.85698592;37.35531477;850;0;0;0;0;0;0;0
18871;;212;?;55.85698592;37.35531477;850;0;0;0;0;0;0;0
19050;;49;;55.78315566;37.71929008;;;;;;;;
19080;;216;both;55.72877767;37.46914579;800;37;37;0;0;0;0;?
19090;;216;both;55.72922861;37.47269256;730;76;51;0;0;0;0;?
19100;;216;both;55.72997248;37.47308133;730;78;53;0;0;0;0;?
19110;;216;both;55.73078589;37.47251701;730;62;37;0;0;0;0;?
19130;;43;both;55.74777189;37.58380279;750;0;0;0;0;0;0;0
19260;;211;both;55.8036358091;37.4013830402;940;41;34;0;0;0;0;?
19261;;211;both;55.8038234711;37.4004916456;940;44;0;0;0;0;0;?
19270;;211;both;55.8043523369;37.4018394001;940;37;37;0;30;0;0;0
19271;;211;both;55.8045399989;37.4009437405;940;36;36;0;30;0;0;0
19280;;211;both;55.8030259075;37.4042491512;940;75;68;1;30;0;0;?
19281;;211;both;55.8028382455;37.4051405458;940;74;67;1;30;0;0;?
19290;;211;both;55.803716845;37.4047268364;940;67;67;1;30;0;0;0
19291;;211;both;55.8035206529;37.4056310261;940;65;30;1;30;0;0;0
20250;;53;;55.81051447;37.79819944;;;;;;;;
20260;;53;;55.81002286;37.79826202;;;;;;;;
20270;;53;;55.80852529;37.79835425;;;;;;;;
20280;;53;;55.81051739;37.79882879;;;;;;;;
20290;;53;;55.81003874;37.79884404;;;;;;;;
20300;;53;;55.80853828;37.79891421;;;;;;;;
20350;;48;;55.78211644;37.7053014;;;;;;;;
20612;;44;in;55.7522388783698;37.6117353194541;730;52;16;0;0;305;820;26
20613;;44;out;55.7522388783698;37.6117353194541;730;66;30;0;0;305;820;26
15500;;193;;55.54588588;37.54428498;;;;;;;;
19740;;194;;55.54233789;37.53206874;;;;;;;;
19930;;192;;55.54816066;37.55272636;;;;;;;;
19940;;191;;55.5688;37.5754;;;;;;;;
20590;;192;;55.54845635;37.55628705;;;;;;;;
14890;;29;;55.70630611;37.6571665;;;;;;;;
14900;;29;;55.70865724;37.65732061;;;;;;;;
14910;;29;;55.70846604;37.65812781;;;;;;;;
15000;;223;;55.6318689;37.7669485;;;;;;;;
15010;;223;;55.63347431;37.7656705;;;;;;;;
15100;;37;;55.80047488;37.53046104;;;;;;;;
15110;;37;;55.80127082;37.53176733;;;;;;;;
15120;;37;;55.80005496;37.53434927;;;;;;;;
15130;;37;;55.80105983;37.53215142;;;;;;;;
15260;;35;;55.77734145;37.5821482;;;;;;;;
15650;;40;;55.84070492;37.48610725;;;;;;;;
15660;;40;;55.83903639;37.48751325;;;;;;;;
15670;;39;;55.81803907;37.49798146;;;;;;;;
15680;;39;;55.81978079;37.49659;;;;;;;;
15690;;39;;55.82008728;37.49777692;;;;;;;;
15700;;39;;55.81814519;37.4979696;;;;;;;;
15710;;39;;55.81790159;37.49817825;;;;;;;;
15720;;39;;55.81850867;37.49891145;;;;;;;;
15730;;39;;55.81788214;37.49958531;;;;;;;;
15910;;36;;55.79049649;37.55663375;;;;;;;;
15920;;36;;55.78909351;37.55982158;;;;;;;;
15960;;21;;55.61100045;37.71650219;;;;;;;;
15970;;21;;55.61029847;37.71686385;;;;;;;;
15980;;21;;55.61036066;37.71826821;;;;;;;;
15990;;21;;55.61168288;37.7207003;;;;;;;;
16000;;21;;55.61086641;37.72076685;;;;;;;;
16140;;24;;55.63700436;37.65613601;;;;;;;;
16150;;24;;55.63473842;37.65694325;;;;;;;;
16160;;24;;55.63505923;37.65780069;;;;;;;;
16170;;24;;55.63663786;37.65521168;;;;;;;;
16260;;25;;55.65438563;37.64770888;;;;;;;;
16270;;25;;55.65580393;37.64968622;;;;;;;;
16480;;28;;55.67686086;37.66278651;;;;;;;;
16490;;28;;55.6776979;37.662973;;;;;;;;
16500;;28;;55.67925019;37.66335108;;;;;;;;
16510;;28;;55.67675833;37.66442221;;;;;;;;
16520;;28;;55.67765203;37.66454562;;;;;;;;
16530;;28;;55.67953422;37.66499881;;;;;;;;
16540;;28;;55.67914037;37.66488741;;;;;;;;
16550;;28;;55.67966748;37.66344589;;;;;;;;
16680;;20;;55.61418433;37.74603132;;;;;;;;
16690;;20;;55.61362478;37.74613094;;;;;;;;
16700;;20;;55.61370262;37.74665726;;;;;;;;
16710;;20;;55.61432937;37.74635949;;;;;;;;
16720;;20;;55.61345206;37.74267347;;;;;;;;
16730;;20;;55.61402257;37.74287572;;;;;;;;
16740;;20;;55.61346167;37.74298719;;;;;;;;
16750;;20;;55.6141191;37.74256585;;;;;;;;
17360;;34;;55.77120255;37.59448817;;;;;;;;
17370;;34;;55.76924023;37.59659818;;;;;;;;
17740;;31;;55.74245028;37.62928117;;;;;;;;
17920;;22;;55.61239411;37.69612609;;;;;;;;
17930;;22;;55.61378573;37.69344025;;;;;;;;
17940;;22;;55.61421245;37.69408984;;;;;;;;
18060;;30;;55.73147211;37.63629498;;;;;;;;
18070;;30;;55.72979183;37.63869678;;;;;;;;
18360;;32;both;55.75660529;37.61960573;700;0;0;0;0;0;0;0
18880;;41;;55.85593012;37.47555443;;;;;;;;
18890;;41;;55.85425309;37.47662482;;;;;;;;
19140;;38;;55.80435769;37.51438753;;;;;;;;
19150;;38;;55.80562237;37.51524367;;;;;;;;
19160;;38;;55.8043722;37.51579177;;;;;;;;
19170;;38;;55.80510674;37.51634813;;;;;;;;
19180;;38;;55.8050706;37.51651906;;;;;;;;
19190;;38;;55.80433601;37.51596283;;;;;;;;
19460;;33;;55.7654023;37.60391842;;;;;;;;
19470;;33;;55.76431497;37.60563287;;;;;;;;
19480;;32;both;55.7588446199999;37.6178125799999;790;36;36;0;0;0;0;0
20020;;23;;55.62218103;37.6682383;;;;;;;;
20030;;23;;55.62275053;37.66862234;;;;;;;;
20040;;23;;55.62241917;37.66891397;;;;;;;;
20050;;23;;55.62050079;37.67002283;;;;;;;;
20060;;23;;55.62024312;37.67048363;;;;;;;;
20070;;23;;55.6197585;37.67060473;;;;;;;;
14800;;82;;55.75182696;37.71653136;;;;;;;;
14810;;82;;55.75165313;37.71624212;;;;;;;;
14820;;82;;55.75200079;37.71670679;;;;;;;;
14830;;82;;55.75122793;37.71646501;;;;;;;;
14840;;82;;55.75235914;37.71704343;;;;;;;;
14850;;82;;55.75199246;37.71744521;;;;;;;;
14860;;82;;55.75086692;37.71747028;;;;;;;;
14870;;82;;55.75093913;37.71778323;;;;;;;;
14880;;82;;55.75095917;37.71677087;;;;;;;;
17230;;84;;55.740615;37.65641665;;;;;;;;
17240;;84;;55.74120492;37.65660879;;;;;;;;
17650;;79;in;55.7522557;37.8144915;720;64;27;0;0;355;780;18
17651;;79;out;55.7522557;37.8144915;720;37;0;0;0;355;780;18
17652;;79;in;55.7521484;37.8152651;720;64;27;0;0;410;920;20
17653;;79;out;55.7521484;37.8152651;720;37;0;0;0;410;920;20
17660;;79;in;55.7517192;37.8150193;720;64;64;0;0;0;0;0
17661;;79;out;55.7517192;37.8150193;720;37;37;0;0;0;0;0
17662;;79;in;55.7518222;37.8143058;720;62;27;0;0;355;780;18
17663;;79;out;55.7518222;37.8143058;720;35;0;0;0;355;780;18
17670;;79;both;55.751274;37.818077;720;55;33;0;0;310;760;21
17671;;79;both;55.751189;37.818662;720;56;34;0;0;310;760;21
17680;;79;both;55.751673;37.818253;720;58;36;0;0;310;760;21
17681;;79;both;55.751582;37.818878;720;58;36;0;0;310;760;21
17690;;186;both;55.74604408;37.86543824;800;74;67;1;67;0;0;6
17700;;186;both;55.74448476;37.86631082;800;67;67;1;67;0;0;0
17710;;186;both;55.74384006;37.86265975;800;67;67;1;67;0;0;0
17720;;186;both;55.74410753;37.86247006;800;67;67;1;67;0;0;0
17730;;186;both;55.74540743;37.86162594;800;74;67;1;67;0;0;6
18200;;80;;55.75112912;37.78429764;;;;;;;;
18210;;80;;55.75068504;37.78457602;;;;;;;;
18220;;80;;55.75121471;37.7848856;;;;;;;;
18230;;80;;55.75181641;37.78814138;;;;;;;;
18240;;80;;55.75130132;37.78838473;;;;;;;;
18350;;83;both;55.74717466;37.68072713;720;38;38;0;0;0;0;0
18911;;83;both;55.74646421;37.67912107;720;29;10;0;0;399;680;17
18913;;83;both;557469515;376801577;720;24;10;0;0;480;870;19
18921;;83;both;55.74649074;37.68126758;720;29;10;0;0;480;870;19
20180;;81;;55.7585844;37.75146644;;;;;;;;
20190;;81;;55.75815034;37.75170465;;;;;;;;
14920;;101;out;55.6871860715;37.5723893715;530;29;0;0;0;0;0;0
14921;;101;out;55.6869882565;37.5721915565;530;33;0;0;0;0;0;0
14922;;101;in;55.6871860715;37.5723893715;530;73;0;0;0;0;0;0
14923;;101;in;55.6869882565;37.5721915565;530;77;0;0;0;0;0;0
14930;;101;out;55.6869715981;37.5730589672;530;30;0;0;0;0;0;0
14931;;101;out;55.6867753562;37.5728476298;530;33;0;0;0;0;0;0
14932;;101;in;55.6869715981;37.5730589672;530;74;0;0;0;0;0;0
14933;;101;in;55.6867753562;37.5728476298;530;77;0;0;0;0;0;0
14940;;101;both;55.6888019309;37.5741496191;550;48;23;0;0;290;760;?
14941;;101;both;55.6886170107;37.5739307339;550;51;51;0;0;0;0;0
14950;;101;both;55.6886132368;37.574855335;550;47;47;0;0;0;0;0
14951;;101;both;55.6883339695;37.5745458767;550;51;23;0;0;290;760;?
14990;;91;;55.80785299;37.63869888;;;;;;;;
15140;;87;;55.868686;37.66328697;;;;;;;;
15150;;87;;55.87061607;37.66429832;;;;;;;;
15160;;87;;55.87047389;37.6653275;;;;;;;;
15280;;105;;55.64181717;37.52520845;;;;;;;;
15290;;105;;55.64162547;37.52609887;;;;;;;;
15300;;105;;55.64374655;37.52658815;;;;;;;;
15310;;105;;55.64362896;37.5273558;;;;;;;;
15400;;89;;55.84589687;37.63834831;;;;;;;;
15410;;89;;55.84679352;37.63908286;;;;;;;;
15420;;89;;55.84393001;37.63757791;;;;;;;;
15580;;90;;55.82030674;37.63995527;;;;;;;;
15590;;90;;55.81959532;37.64071384;;;;;;;;
15600;;90;;55.819939;37.639609;;;;;;;;
15610;;90;;55.81998641;37.64111212;;;;;;;;
15620;;90;;55.82232699;37.64145014;;;;;;;;
16080;;104;;55.65567157;37.53824783;;;;;;;;
16090;;104;;55.65656156;37.53922392;;;;;;;;
16100;;104;;55.65537916;37.53940426;;;;;;;;
16110;;104;;55.656292;37.54018149;;;;;;;;
16120;;104;;55.6581429;37.54090217;;;;;;;;
16130;;104;;55.65779153;37.54182909;;;;;;;;
16340;;96;;55.75623265;37.63001847;;;;;;;;
16350;;96;;55.756976;37.63054;;;;;;;;
16360;;96;;55.7567514;37.6306633;;;;;;;;
16370;;96;;55.75735839;37.63176808;;;;;;;;
16380;;96;;55.75687174;37.63124653;;;;;;;;
16390;;96;;55.75715518;37.63177758;;;;;;;;
16400;;96;;55.7531549;37.63294431;;;;;;;;
16410;;96;;55.75297039;37.63357971;;;;;;;;
16420;;96;;55.75418955;37.63409557;;;;;;;;
16430;;96;;55.75411895;37.63494999;;;;;;;;
16440;;96;;55.75661768;37.62951582;;;;;;;;
16450;;96;;55.7537475;37.63544813;;;;;;;;
16620;;106;;55.6323372;37.5179373;;;;;;;;
16630;;106;;55.63427391;37.51919373;;;;;;;;
16640;;106;;55.63204283;37.51931479;;;;;;;;
16650;;106;;55.63474735;37.51954222;;;;;;;;
16660;;106;;55.63408463;37.51988515;;;;;;;;
16670;;106;;55.63389484;37.52058618;;;;;;;;
17060;;100;;55.70685232;37.58487688;;;;;;;;
17070;;100;;55.70841343;37.58738722;;;;;;;;
17380;;86;;55.88621566;37.66125278;;;;;;;;
17390;;86;;55.88816329;37.66156037;;;;;;;;
17760;;109;;55.60145829;37.55292884;;;;;;;;
17770;;109;;55.60200441;37.55302095;;;;;;;;
17780;;103;;55.66958861;37.55351264;;;;;;;;
17790;;103;;55.66941708;37.55402839;;;;;;;;
17800;;103;;55.67117212;37.55523449;;;;;;;;
17810;;103;;55.67101034;37.55573453;;;;;;;;
17820;;98;in;55.7292067126;37.6110303752;720;0;0;0;0;0;0;0
17821;;98;out;55.7293121391;37.6110470215;720;0;0;0;0;0;0;0
17830;;98;in;55.7312930478;37.6128503697;720;0;0;0;0;0;0;0
17831;;98;out;55.7311765237;37.6128503697;730;0;0;0;0;0;0;0
18740;;93;;55.78188586;37.6331997;;;;;;;;
18750;;93;;55.77964333;37.63364691;;;;;;;;
18760;;102;;55.67728581;37.56167618;;;;;;;;
18770;;102;;55.67706036;37.56230539;;;;;;;;
18780;;102;;55.67887984;37.56338578;;;;;;;;
18790;;102;;55.67867549;37.56406322;;;;;;;;
18900;;92;;55.79249636;37.6361992;;;;;;;;
18970;;88;;55.85614989;37.65381879;;;;;;;;
18980;;88;;55.85477625;37.65122993;;;;;;;;
18990;;88;;55.85453758;37.65173168;;;;;;;;
19000;;88;;55.85579626;37.65441699;;;;;;;;
19243;;95;both;55.7661190699999;37.6371236499999;790;68;23;0;0;290;905;20
19247;;95;both;55.7664223488103;37.6366796893483;790;68;23;0;0;285;950;20
19253;;95;both;55.7656753199999;37.6375741499999;790;64;44;0;0;405;905;20
19310;;94;;55.77224956;37.63213219;;;;;;;;
19320;;94;;55.77237426;37.63285039;;;;;;;;
19560;;107;;55.61984711;37.50527078;;;;;;;;
19570;;107;;55.61966318;37.50613422;;;;;;;;
19580;;107;;55.6196344;37.50719067;;;;;;;;
19590;;107;;55.61743843;37.50801302;;;;;;;;
19600;;107;;55.6177689;37.50847267;;;;;;;;
19640;;97;;55.74078928;37.62562571;;;;;;;;
19680;;95;both;55.76549284;37.6364574799999;790;76;23;0;0;405;905;20
19690;;95;both;55.76526629;37.6369648599999;790;76;23;0;0;405;905;20
20171;;95;both;55.76504896;37.63829339;720;38;38;0;0;0;0;0
20200;;99;;55.71888692;37.60789375;;;;;;;;
20480;;108;;55.60550586;37.53481873;;;;;;;;
20490;;108;;55.60602657;37.53549525;;;;;;;;
20500;;108;;55.60661169;37.53310538;;;;;;;;
20510;;108;;55.60659018;37.53128931;;;;;;;;
20520;;108;;55.60689081;37.53153111;;;;;;;;
20530;;108;;55.6061446;37.53148375;;;;;;;;
20540;;108;;55.60565612;37.53422923;;;;;;;;
20550;;108;;55.60622787;37.53456586;;;;;;;;
15540;;27;;55.65313553;37.61787823;;;;;;;;
15550;;27;;55.65352661;37.62076014;;;;;;;;
15560;;27;;55.65366996;37.61807552;;;;;;;;
15570;;27;;55.65374394;37.62292398;;;;;;;;
16180;;26;;55.65298148;37.59657594;;;;;;;;
16190;;26;;55.65304012;37.59674464;;;;;;;;
16200;;26;;55.65254423;37.59691036;;;;;;;;
16210;;26;;55.65259467;37.59708717;;;;;;;;
16220;;26;;55.6535609;37.59997362;;;;;;;;
16230;;26;;55.65291899;37.60008473;;;;;;;;
16240;;26;;55.65356348;37.60012432;;;;;;;;
16250;;26;;55.65291591;37.60025153;;;;;;;;
15250;;67;;55.7752381;37.58230354;;;;;;;;
15270;;67;;55.7775305;37.58554568;;;;;;;;
15950;;74;;55.72905314;37.62253408;;;;;;;;
16560;;70;in;55.7758404599999;37.6559069899999;770;69;46;0;0;325;775;19
16570;;70;in;55.7749230193837;37.6562295240408;770;74;51;0;0;325;775;19
16571;;70;in;55.7751489982246;37.6566520831376;770;74;51;0;0;325;775;19
16580;;70;both;55.77447097;37.6558818299999;725;44;44;0;0;0;0;0
16581;;70;both;55.773892794362;37.6557684467885;725;31;24;0;0;360;650;20
16582;;70;both;55.7735602068878;37.6558157512647;725;7;0;0;0;360;650;20
16590;;70;out;55.77653319;37.6560782199999;540;23;0;0;0;325;775;19
16601;;70;in;55.7754917;37.65612513;770;73;50;0;0;325;775;0
16611;;70;in;55.77570816;37.65528109;770;68;45;0;0;325;775;0
16760;;78;;55.76024487;37.57712911;;;;;;;;
17001;;71;both;55.75862302;37.6590404;800;0;0;0;0;0;0;0
17011;;71;both;55.75855002;37.66035918;700;43;43;0;0;0;0;0
17013;;71;both;557579523;376600452;720;15;0;0;0;310;720;23
17015;;71;both;557585724;37661041;730;15;15;0;0;0;0;0
17021;;71;both;55.76020833;37.66160326;730;15;0;0;0;0;0;0
17030;;71;in;55.75602493;37.65934368;720;32;0;0;0;0;0;7
17031;;71;out;55.75602493;37.65934368;600;32;0;0;0;0;0;7
17030;;71;in;557559227;376582024;720;66;66;0;0;0;0;0
17031;;71;out;557559227;376582024;600;58;58;0;0;0;0;0
17750;;68;;55.77966467;37.60125225;;;;;;;;
18081;;76;both;55.73528017;37.59309609;740;0;0;0;0;0;0;0
19420;;72;;55.73943829;37.65295616;;;;;;;;
19430;;72;;55.73972482;37.65336779;;;;;;;;
19440;;72;;55.73944729;37.653612;;;;;;;;
19450;;72;;55.74245502;37.65333544;;;;;;;;
15370;;220;both;55.63240185;37.74370286;725;38;0;0;0;355;900;21
15380;;220;both;55.63393995;37.74443648;725;38;0;1;38;355;900;21
15440;;158;both;55.6587719;37.74903882;740;58;26;0;0;410;860;18
15450;;158;both;55.65932859;37.74949982;740;62;62;0;0;0;0;0
15460;;158;both;55.65883887;37.75012734;740;63;26;0;0;410;860;20
15470;;158;both;55.65993793;37.75226957;740;64;26;0;0;410;860;20
15480;;158;both;55.66008072;37.75267635;740;64;64;0;0;0;0;0
15490;;158;both;55.66017454;37.75184403;740;60;26;0;0;410;860;20
15760;;156;both;55.69159303;37.75130342;720;64;24;0;0;315;750;20
15770;;156;both;55.69149484;37.75164779;720;57;0;0;0;315;930;20
15780;;156;both;55.69074395;37.75495028;720;67;2;0;0;315;920;20
15790;;156;both;55.69071951;37.75636968;720;58;2;0;0;315;870;20
16010;;218;in;55.78155283;37.61415809;800;65;0;1;33;470;885;21
16011;;218;out;55.78155283;37.61415809;800;65;7;1;33;470;890;21
16020;;218;in;55.7812649;37.61433829;800;59;0;0;0;470;885;21
16021;;218;out;55.7812649;37.61433829;800;59;7;0;0;470;890;21
16022;;218;in;557812164;376133883;800;59;27;0;0;470;890;18
16023;;218;out;557812164;376133883;800;59;34;0;0;470;890;18
16030;;161;both;55.7178314895572;37.6762061026953;590;38;3;0;0;410;750;26
16031;;161;both;55.7180268909762;37.676925300042;590;40;40;0;0;0;0;0
16032;;161;both;55.7176670656545;37.6771960566901;590;40;3;0;0;430;870;18
16040;;222;;55.61332082;37.74517313;;;;;;;;
16050;;222;;55.61329866;37.74408016;;;;;;;;
16051;;222;;55.611163970922;37.7448541818186;;;;;;;;
16460;;154;both;55.70621492;37.68544243;700;26;0;0;0;315;760;20
16470;;154;both;55.70641671;37.68547061;700;63;0;0;0;315;760;20
16800;;153;both;55.73233676;37.6653269;590;43;0;0;0;210;770;21
17032;;151;in;55.75602493;37.65934368;720;32;0;0;0;0;0;7
17033;;151;out;55.75602493;37.65934368;600;32;0;0;0;0;0;7
17032;;151;in;557559227;376582024;720;66;66;0;0;0;0;0
17033;;151;out;557559227;376582024;600;58;58;0;0;0;0;0
17170;;157;both;55.67457557;37.76084649;720;73;29;0;0;490;885;19
17180;;157;both;55.67665573;37.76164217;720;71;29;0;0;415;860;18
17190;;157;both;55.67709233;37.76180166;720;70;60;0;0;415;860;18
17200;;157;both;55.67716653;37.76211139;720;64;29;0;0;415;860;18
17210;;157;both;55.67712522;37.76276441;720;60;29;0;0;420;880;20
17220;;157;both;55.67694509;37.762984;720;56;56;0;0;0;0;0
17250;;217;both;55.79350025;37.61696628;730;41;0;1;27;410;820;19
17251;;217;;557937876;376171181;730;43;0;1;36;410;860;22
17260;;217;both;55.79353829;37.6158093;730;42;0;1;28;305;680;21
17261;;217;;557937424;376160021;730;44;30;1;30;410;820;19
17270;;217;both;55.79623562;37.61662232;730;46;0;0;0;0;820;5
17280;;159;both;55.65130297;37.7437289;590;73;37;0;0;420;800;21
17290;;159;both;55.65102829;37.74383299;590;74;74;0;0;0;0;0
17300;;159;both;55.64921691;37.74384822;725;71;33;0;0;420;800;19
17310;;159;both;55.64890005;37.74396929;725;72;72;0;0;0;0;0
17320;;159;both;55.64929548;37.74450176;725;64;64;0;0;0;0;0
17330;;159;both;55.64901079;37.74462349;725;64;33;0;0;420;800;19
17340;;159;both;55.65124937;37.74305776;590;73;37;0;0;420;800;21
17350;;159;both;55.65094476;37.74317959;590;74;74;0;0;0;0;0
18260;;155;both;55.69257919;37.72780986;720;82;32;0;0;320;775;23
18270;;155;both;55.69292194;37.72783863;720;82;32;0;0;315;780;23
18280;;155;both;55.69298055;37.72834143;720;22;0;0;0;320;770;23
18290;;155;both;55.69240571;37.72834301;720;80;32;0;0;320;770;25
18300;;155;both;55.69271635;37.72848865;720;82;60;0;0;320;770;23
18351;;152;both;55.74717466;37.68072713;720;54;40;0;0;480;870;19
18910;;152;both;55.74646421;37.67912107;720;32;0;0;0;480;680;19
18912;;152;both;55.7469515;37.6801577;720;28;0;0;0;480;870;19
18920;;152;both;55.74649074;37.68126758;720;32;0;0;0;480;870;19
19240;;219;both;55.76611907;37.6371236499999;790;45;0;0;0;290;905;20
19244;;219;both;55.7664223488103;37.6366796893483;790;45;0;0;0;285;950;20
19250;;219;both;55.76567532;37.6375741499999;790;41;21;0;0;405;905;20
19650;;166;both;55.76777678;37.62192832;720;46;46;0;0;0;0;0
19683;;219;both;55.7654928399999;37.6364574799999;790;53;0;0;0;405;905;20
19693;;219;both;55.7652662899999;37.6369648599999;790;53;0;0;0;405;905;20
20210;;221;both;55.6201792;37.74299512;800;36;36;1;36;0;0;0
20220;;221;both;55.62214926;37.74381477;800;58;0;0;0;410;1000;21
20230;;221;both;55.62034034;37.74408811;800;37;0;1;37;410;890;21
20231;;221;both;55.6199317389767;37.7441613860844;800;37;0;1;37;410;890;21
20240;;221;both;55.62214164;37.74259635;800;63;0;0;0;390;1000;21
14977;;140;both;55.7504768240987;37.6091400800502;730;63;63;0;0;0;0;0
15020;;129;;55.89909379;37.58647028;;;;;;;;
15030;;129;;55.89688648;37.58649605;;;;;;;;
15040;;129;;55.89687088;37.58792621;;;;;;;;
15050;;129;;55.89907414;37.58799719;;;;;;;;
15060;;163;;55.58378375;37.59656057;;;;;;;;
15070;;163;;55.58161894;37.59620509;;;;;;;;
15320;;130;;55.88413344;37.60459656;;;;;;;;
15330;;130;;55.88410539;37.601486;;;;;;;;
15340;;130;;55.88354767;37.60520752;;;;;;;;
15510;;164;;55.57033056;37.57644945;;;;;;;;
15520;;164;;55.57026073;37.5772271;;;;;;;;
15630;;132;;55.84612658;37.58937589;;;;;;;;
15640;;132;;55.84822338;37.59047346;;;;;;;;
15930;;135;;55.807973;37.58032655;;;;;;;;
15940;;135;;55.80811522;37.5814693;;;;;;;;
17410;;137;;55.78151108;37.59860764;;;;;;;;
17420;;137;;55.78205814;37.59914148;;;;;;;;
17430;;137;;55.78194596;37.59827569;;;;;;;;
17540;;144;;55.68195201;37.62205501;;;;;;;;
17550;;144;;55.68224267;37.62157133;;;;;;;;
17560;;144;;55.68217592;37.62143809;;;;;;;;
17570;;144;;55.68424097;37.62270092;;;;;;;;
17580;;145;;55.67302008;37.61040011;;;;;;;;
17590;;145;;55.67287389;37.61107274;;;;;;;;
17600;;146;;55.66342236;37.60607666;;;;;;;;
17610;;146;;55.66359784;37.60696314;;;;;;;;
17620;;146;;55.66215183;37.60418954;;;;;;;;
17630;;146;;55.6619535;37.60520902;;;;;;;;
17640;;146;;55.66386424;37.6060611;;;;;;;;
17950;;131;;55.86246675;37.6044457;;;;;;;;
17960;;131;;55.86437159;37.60530947;;;;;;;;
17970;;131;;55.86417812;37.60608948;;;;;;;;
17980;;131;;55.86268674;37.60364124;;;;;;;;
18250;;133;;55.83662354;37.57551062;;;;;;;;
18460;;141;;55.73685353;37.61859564;;;;;;;;
18470;;150;;55.61074533;37.60407441;;;;;;;;
18480;;150;;55.61362405;37.60426606;;;;;;;;
18490;;150;;55.61152812;37.60437014;;;;;;;;
18500;;150;;55.61128212;37.60436362;;;;;;;;
18510;;150;;55.61356032;37.60481436;;;;;;;;
18520;;150;;55.61150486;37.60291738;;;;;;;;
18530;;150;;55.6108634;37.60272776;;;;;;;;
18540;;150;;55.61168362;37.60315622;;;;;;;;
18950;;136;;55.79413382;37.58885965;;;;;;;;
18960;;136;;55.79411317;37.58716325;;;;;;;;
19010;;147;;55.65160393;37.59808668;;;;;;;;
19020;;147;;55.65147017;37.59817538;;;;;;;;
19030;;147;;55.65091317;37.59863774;;;;;;;;
19040;;147;;55.65121768;37.59871272;;;;;;;;
19060;;142;;55.72660664;37.6247936;;;;;;;;
19070;;142;;55.72698932;37.62539231;;;;;;;;
19610;;134;;55.81717587;37.57519065;;;;;;;;
19620;;134;;55.81901127;37.57506013;;;;;;;;
19651;;138;both;55.7716617;37.6207581;720;25;25;0;0;0;0;0
19660;;143;;55.70788765;37.62246465;;;;;;;;
19670;;143;;55.70966883;37.62257107;;;;;;;;
19770;;162;;55.59431083;37.60103346;;;;;;;;
19850;;162;;55.59582775;37.60017771;;;;;;;;
19860;;162;;55.59443424;37.60039118;;;;;;;;
19870;;162;;55.59608284;37.60100749;;;;;;;;
19880;;162;;55.59420603;37.60182793;;;;;;;;
19890;;162;;55.59568282;37.60267186;;;;;;;;
20120;;148;;55.64062023;37.60425736;720;0;0;0;0;0;0;0
20160;;139;;55.76577381;37.60844103;;;;;;;;
20440;;149;;55.62133541;37.60776569;;;;;;;;
20450;;149;;55.62356928;37.60874193;;;;;;;;
20460;;149;;55.62102961;37.60893162;;;;;;;;
20470;;149;;55.62341234;37.60998356;;;;;;;;
20570;;164;;55.56884159;37.575442;;;;;;;;
20580;;164;;55.56877444;37.57617723;;;;;;;;
14964;;11;in;55.7522236899999;37.61004135;730;80;42;0;0;310;860;20
14965;;11;out;55.7522236899999;37.61004135;730;86;48;0;0;310;860;20
14974;;11;in;55.7520257999999;37.61023103;730;67;67;0;0;0;0;0
14975;;11;out;55.7520257999999;37.61023103;730;81;81;0;0;0;0;0
14976;;11;both;55.7504768240987;37.6091400800502;730;69;69;0;0;0;0;0
14984;;11;in;55.7519218667234;37.6123128811922;730;73;41;0;0;310;875;20
14985;;11;out;55.7519218667234;37.6123128811922;730;87;55;0;0;310;875;20
15352;;11;both;55.7523142099999;37.60877575;735;96;96;0;0;0;0;0
15364;;11;in;55.7522236899999;37.61004135;730;67;42;0;0;310;940;23
15365;;11;out;55.7522236899999;37.61004135;730;73;48;0;0;310;940;23
15820;;16;both;55.709501493005;37.5579026558265;720;75;75;0;0;0;0;0
15830;;16;both;55.71167098;37.5607497299999;720;4;0;0;0;605;890;25
15840;;16;both;55.71149632;37.5613638;720;4;0;0;0;605;890;25
15850;;16;both;55.7085399329839;37.556490128696;720;24;24;0;0;0;0;0
15851;;16;both;55.7085208972959;37.5571896902317;720;22;22;0;0;0;0;0
16561;;6;in;55.7758404599999;37.6559069899999;770;77;77;0;0;0;0;0
16572;;6;in;55.7749230193837;37.6562295240408;770;82;82;0;0;0;0;0
16573;;6;in;55.7751489982246;37.6566520831376;770;82;82;0;0;0;0;0
16583;;6;both;55.77447097;37.6558818299999;725;75;75;0;0;0;0;0
16584;;6;both;55.773892794362;37.6557684467885;725;62;55;0;0;360;650;20
16585;;6;both;55.7735602068878;37.6558157512647;725;38;31;0;0;360;650;20
16591;;6;out;55.77653319;37.6560782199999;540;31;31;0;0;0;0;0
16600;;6;in;55.7754917;37.65612513;770;81;81;0;0;0;0;19
16610;;6;in;55.77570816;37.65528109;770;76;76;0;0;0;0;19
16770;;5;both;55.78007357;37.66609759;780;59;59;0;0;0;0;0
16780;;7;both;55.76836658;37.64780124;730;41;41;0;0;0;0;0
16790;;7;in;55.7696686;37.65016808;730;5;5;0;0;0;0;0
16791;;7;out;55.7696686;37.65016808;700;2;2;0;0;0;0;0
16810;;12;both;55.74571998;37.60517249;720;49;49;0;0;0;0;0
16820;;12;both;55.74491549;37.60178222;720;50;50;0;0;0;0;0
17090;;9;both;55.7588134299999;37.62632637;720;20;20;0;0;0;0;0
17100;;9;both;55.7589304299999;37.6271775;720;20;20;0;0;0;0;0
17101;;9;both;55.7592420352623;37.628021263033;720;32;32;0;0;0;0;0
17120;;9;both;55.7600306699999;37.6279527;720;26;26;0;0;0;0;0
17130;;9;both;55.75961894;37.62854544;720;30;30;0;0;0;0;0
17140;;9;both;55.7600093;37.62846718;720;26;26;0;0;0;0;0
17150;;9;both;55.75899992;37.62601578;720;20;20;0;0;0;0;0
17160;;9;both;55.7593702799999;37.62839135;720;30;30;0;0;0;0;0
17990;;10;both;55.7570818299999;37.61431331;730;49;49;0;0;0;0;0
18000;;10;both;55.7569047;37.6145575199999;730;49;49;0;0;0;0;0
18010;;10;both;55.75734121;37.61472345;730;49;23;0;0;415;815;23
18020;;10;both;55.75722357;37.6150696099999;730;49;49;0;0;0;0;0
18030;;10;both;55.7568574;37.6157775499999;730;56;32;0;0;415;815;25
18040;;10;both;55.75612198;37.6176871099999;730;58;58;0;0;0;0;0
18050;;10;both;55.7568813199999;37.6156742;730;56;32;0;0;415;815;25
18080;;13;in;55.73528017;37.59309609;740;41;41;0;0;0;0;0
18082;;13;out;55.73528017;37.59309609;740;21;21;0;0;0;0;0
18090;;13;in;55.7362217499999;37.5950286599999;720;59;59;0;0;0;0;0
18091;;13;out;55.7362217499999;37.5950286599999;720;60;60;0;0;0;0;0
18550;;3;both;55.7961978777957;37.7134335467632;730;51;51;0;0;0;0;0
18560;;3;both;55.7962752201329;37.713889310424;730;51;24;0;0;310;805;25
18561;;3;both;55.7959000442787;37.7135169017192;730;58;24;0;0;410;1100;18
18562;;3;both;55.7952955213488;37.7138411901981;730;64;24;0;0;410;1100;18
18563;;3;both;55.7951955506994;37.7141801239631;730;62;24;0;0;410;1100;18
18564;;3;both;55.7955636766469;37.7148370696557;730;53;24;0;0;410;1100;18
18565;;3;both;55.7952508286196;37.7148579914931;730;53;53;0;0;410;1100;18
18570;;3;both;55.7969098399999;37.71701697;750;53;53;0;0;0;0;0
18580;;3;both;55.7959609099999;37.7170028099999;750;53;53;0;0;0;0;0
18590;;3;both;55.79682502;37.71657837;750;53;24;0;0;405;890;24
18600;;3;both;55.79607044;37.71755995;750;57;24;0;0;395;705;17
18601;;3;both;55.7963590350317;37.7174209073593;750;58;58;0;0;0;0;0
18602;;3;both;55.7964330539683;37.7173859684393;750;58;58;0;0;0;0;0
18670;;18;both;55.6766064899999;37.50458562;720;52;52;0;0;0;0;0
18680;;18;both;55.67665196;37.5046874;720;52;52;0;0;0;0;0
18690;;18;both;55.6763650299999;37.50507477;720;52;24;0;0;330;775;22
18700;;18;both;55.6763122899999;37.50496789;720;52;24;0;0;320;775;22
18710;;18;both;55.6758866099999;37.5052423899999;720;52;24;0;0;320;775;22
18720;;18;both;55.67622491;37.5058421999999;720;52;24;0;0;320;775;22
18730;;18;both;55.6779292499999;37.5073736499999;720;36;36;0;0;0;0;0
19200;;4;both;55.78930272;37.67989579;730;39;39;0;0;0;0;0
19210;;4;both;55.78922056;37.67947141;730;39;39;0;0;0;0;0
19220;;15;both;55.72244671;37.56204223;730;0;0;0;0;0;0;0
19230;;15;both;55.72401129;37.56583549;730;0;0;0;0;0;0;0
19241;;8;in;55.7661190699999;37.6371236499999;750;47;22;0;0;290;630;18
19242;;8;out;55.7661190699999;37.6371236499999;750;25;0;0;0;290;630;18
19245;;8;in;55.7664223488103;37.6366796893483;750;47;22;0;0;285;950;20
19246;;8;out;55.7664223488103;37.6366796893483;750;25;0;0;0;285;950;20
19251;;8;in;55.76567532;37.6375741499999;750;43;43;0;0;0;0;0
19252;;8;out;55.76567532;37.6375741499999;750;21;21;0;0;0;0;0
19481;;10;both;55.7588446199999;37.6178125799999;790;36;36;0;0;0;0;0
19681;;8;in;55.7654928399999;37.6364574799999;750;55;22;0;0;405;905;20
19682;;8;out;55.7654928399999;37.6364574799999;750;33;0;0;0;405;905;20
19691;;8;in;55.76526629;37.6369648599999;750;55;22;0;0;405;905;20
19692;;8;out;55.76526629;37.6369648599999;750;33;0;0;0;405;905;20
19780;;1;both;55.81497611;37.73222738;740;52;26;0;0;420;985;18
19790;;1;both;55.81551526;37.73285329;740;63;23;0;0;420;985;18
19800;;1;both;55.81323101;37.73519647;740;37;33;0;0;420;985;20
19810;;1;both;55.81341854;37.73515826;740;34;0;0;0;420;985;20
19910;;1;both;55.81415332;37.73566288;740;39;0;0;0;420;985;18
19950;;17;both;55.69187482;37.53479397;725;21;21;0;0;0;0;0
19960;;17;both;55.69334808;37.53451249;725;0;0;0;0;0;0;0
20010;;14;both;55.72748124;37.58036482;710;0;0;0;0;0;0;0
20090;;2;both;55.80515004;37.74455832;720;60;24;0;0;430;825;21
20100;;2;both;55.80477283;37.74453938;720;60;60;0;0;0;0;0
20110;;2;both;55.80284755;37.74486359;720;0;0;0;0;0;0;0
20170;;8;both;55.76504896;37.63829339;720;38;38;0;0;0;0;0
20360;;19;both;55.66273647;37.48207998;720;52;52;0;0;0;0;0
20370;;19;both;55.66302596;37.48219376;720;52;52;0;0;0;0;0
20380;;19;both;55.66251403;37.48311368;720;52;52;0;0;0;0;0
20390;;19;both;55.66452962;37.483142;720;48;0;0;0;300;300;21
20400;;19;both;55.66477084;37.48337907;720;48;0;0;0;300;300;21
20410;;19;both;55.66456717;37.48435114;720;52;0;0;0;300;300;21
20420;;19;both;55.66429914;37.48417097;720;52;0;0;0;300;300;21
20430;;19;both;55.66280083;37.48329859;720;52;52;0;0;0;0;0
20614;;11;in;55.7522388783698;37.6117353194541;730;78;41;0;0;305;820;26
20615;;11;out;55.7522388783698;37.6117353194541;730;82;55;0;0;305;820;26
15190;;120;;55.76085187;37.58124962;;;;;;;;
15210;;122;;55.77337983;37.54447319;;;;;;;;
15220;;122;;55.77407416;37.54463307;;;;;;;;
15230;;122;;55.77314516;37.5485286;;;;;;;;
15240;;122;;55.77428106;37.54853327;;;;;;;;
15740;;114;;55.72560261;37.68520462;;;;;;;;
15750;;114;;55.72416831;37.68891985;;;;;;;;
15890;;110;;55.71579927;37.81890985;;;;;;;;
15900;;110;;55.71603879;37.81679028;;;;;;;;
16910;;118;both;55.76155723;37.62442413;710;0;0;0;0;0;0;0
16920;;112;;55.70558707;37.76315743;;;;;;;;
16930;;112;;55.70600474;37.76331862;;;;;;;;
16940;;112;;55.70496801;37.76773797;;;;;;;;
16950;;112;;55.70547136;37.76751034;;;;;;;;
17840;;124;;55.79392714;37.49230946;;;;;;;;
17850;;124;;55.79411283;37.49204622;;;;;;;;
17860;;124;;55.79411614;37.49261529;;;;;;;;
17870;;124;;55.79432556;37.49244687;;;;;;;;
17880;;124;;55.79280721;37.49425364;;;;;;;;
17890;;124;;55.79265829;37.49474678;;;;;;;;
17900;;124;;55.79306079;37.49490746;;;;;;;;
17910;;124;;55.79285197;37.49505972;;;;;;;;
18330;;128;;55.86168035;37.43613001;;;;;;;;
18340;;128;;55.85973432;37.43680499;;;;;;;;
18380;;123;;55.77746076;37.51704334;;;;;;;;
18390;;123;;55.77762876;37.51707189;;;;;;;;
18400;;123;;55.77707561;37.51723441;;;;;;;;
18410;;123;;55.77764475;37.51773176;;;;;;;;
18420;;123;;55.77759251;37.52122227;;;;;;;;
18430;;123;;55.7780785;37.52123512;;;;;;;;
18440;;123;;55.77795791;37.52090306;;;;;;;;
18450;;123;;55.77762388;37.52165227;;;;;;;;
18610;;115;both;55.7316390180461;37.6640246855337;720;23;4;0;0;300;870;20
18611;;115;both;55.7317647702203;37.6644483285638;720;23;23;0;0;0;0;0
18612;;115;both;55.7314834477855;37.6641720396311;720;24;24;0;0;0;0;0
18613;;115;both;55.7313952910294;37.6642388094565;720;24;24;0;0;0;0;0
18620;;115;both;55.73117528;37.66451377;720;22;22;0;0;0;0;0
18630;;115;both;55.73132245;37.66501164;720;22;4;0;0;300;870;20
18640;;115;both;55.73244426;37.66796565;720;37;37;0;0;0;0;0
18650;;115;both;55.73196871;37.66788334;720;36;11;0;0;300;870;20
18660;;115;both;55.73222956;37.66837582;720;37;11;0;0;300;870;20
18800;;119;;55.76570555;37.6040265;;;;;;;;
18810;;119;;55.76488222;37.60632391;;;;;;;;
18830;;119;;55.76528854;37.60503414;;;;;;;;
18930;;111;;55.71619868;37.79269703;;;;;;;;
18940;;111;;55.71784294;37.79386273;;;;;;;;
19330;;127;;55.85141111;37.43851327;;;;;;;;
19340;;127;;55.85156162;37.43886414;;;;;;;;
19350;;127;;55.84960327;37.43922702;;;;;;;;
19360;;127;;55.84942204;37.43921994;;;;;;;;
19370;;127;;55.85162836;37.44011583;;;;;;;;
19380;;127;;55.85153585;37.44040757;;;;;;;;
19390;;127;;55.84975135;37.44068034;;;;;;;;
19400;;127;;55.84931835;37.44075734;;;;;;;;
19410;;127;;55.84969875;37.44084196;;;;;;;;
19490;;113;;55.70853364;37.72872186;;;;;;;;
19500;;113;;55.70953473;37.73313261;;;;;;;;
19510;;113;;55.70895313;37.73365898;;;;;;;;
19520;;113;;55.70838745;37.72992153;;;;;;;;
19530;;113;;55.70952738;37.73366842;;;;;;;;
19540;;113;;55.70895312;37.73312791;;;;;;;;
19700;;126;;55.82567189;37.4360318;;;;;;;;
19710;;126;;55.82553732;37.43702246;;;;;;;;
19720;;126;;55.82741539;37.43738336;;;;;;;;
19730;;126;;55.82824765;37.43804678;;;;;;;;
19750;;121;;55.76585678;37.56086703;;;;;;;;
19760;;121;;55.76564062;37.56026433;;;;;;;;
19820;;121;;55.76400274;37.56227183;;;;;;;;
20140;;119;;55.76586603;37.60774162;;;;;;;;
20150;;119;;55.76607856;37.6082466;;;;;;;;
20310;;125;;55.80912386;37.46279697;;;;;;;;
20320;;125;;55.80945838;37.46324014;;;;;;;;
20330;;125;;55.80774461;37.46549752;;;;;;;;
20340;;125;;55.80803474;37.46595626;;;;;;;;
20600;;119;;55.76611167;37.604014;;;;;;;;
14960;;54;in;55.75222369;37.61004135;730;67;36;0;0;310;860;20
14961;;54;out;55.75222369;37.61004135;730;81;43;0;0;310;860;20
14970;;54;in;55.7520257999999;37.61023103;730;61;61;0;0;0;0;0
14971;;54;out;55.7520257999999;37.61023103;730;70;70;0;0;0;0;0
14980;;54;in;55.7519218667234;37.6123128811922;730;67;31;0;0;310;875;20
14981;;54;out;55.7519218667234;37.6123128811922;730;81;54;0;0;310;875;20
15090;;55;;55.7521664034;37.601716225;550;65;0;0;0;0;0;0
15170;;61;in;55.7436635459;37.4974001378;560;28;0;0;0;0;0;0
15171;;61;out;55.7436105773;37.4974464853;560;28;0;0;0;0;0;0
15180;;61;in;55.7438312796;37.4982101153;560;28;0;0;0;0;0;0
15181;;61;out;55.7438732131;37.4981659749;560;28;0;0;0;0;0;0
15350;;54;both;55.75231421;37.60877575;735;49;49;0;0;0;0;0
15360;;54;in;55.75222369;37.61004135;730;61;20;0;0;310;940;23
15361;;54;out;55.75222369;37.61004135;730;70;29;0;0;310;940;23
15860;;188;;55.7483359;37.54386679;;;;;;;;
15870;;188;;55.75014778;37.542603;;;;;;;;
17040;;59;in;55.739462883;37.5349365164;?;31;0;0;0;0;0;0
17041;;59;out;55.7395324881;37.5348858945;540;32;0;0;0;0;0;0
17050;;59;in;55.7405734009;37.5342594485;800;34;0;0;0;0;0;0
17051;;59;out;55.7405417622;37.5342784317;560;?;0;0;0;0;0;0
17400;;189;;55.74802141;37.53289211;;;;;;;;
18310;;63;out;55.73589993;37.4668050685;550;28;0;0;0;0;0;0
18311;;63;in;55.7359567218;37.466773265;550;28;0;0;0;0;0;0
18320;;63;out;55.7360226003;37.4675138303;550;28;0;0;0;0;0;0
18321;;63;in;55.7360748488;37.4674888419;550;28;0;0;0;0;0;0
19120;;56;in;55.748907956;37.582240876;550;?;0;0;0;0;0;0
19121;;56;out;55.7489349931;37.5818275939;550;55;0;0;0;0;0;0
19300;;58;in;55.7388971564;37.5483342554;550;23;0;0;0;0;0;0
19301;;58;out;55.7388652216;37.5482327484;550;23;0;0;0;0;0;0
19302;;58;out;55.7389290912;37.5484836646;?;23;0;0;0;0;0;0
19970;;62;in;55.7395809452;37.4837270937;?;31;0;0;0;0;0;0
19971;;62;out;55.7395809452;37.4837270937;530;31;0;0;0;0;0;0
19980;;62;in;55.7394384306;37.4830528902;?;29;0;0;0;0;0;0
19981;;62;out;55.73939458;37.4830857782;540;29;0;0;0;0;0;0
19990;;60;in;55.7467022731;37.5141508815;?;29;0;0;0;0;0;0
19991;;60;out;55.7467931076;37.5138783781;560;29;0;0;0;0;0;0
19992;;60;out;55.7468562967;37.5141469322;550;30;0;0;0;0;0;0
20000;;60;in;55.7452923641;37.5157780034;550;34;0;0;0;0;0;0
20001;;60;out;55.7452647188;37.5156832196;550;33;0;0;0;0;0;0
20000;;60;out;55.745327908;37.5158688378;?;34;0;0;0;0;0;0
20610;;54;in;55.7522388783698;37.6117353194541;730;72;31;0;0;305;820;26
20611;;54;out;55.7522388783698;37.6117353194541;730;86;54;0;0;305;820;26
