uidnftn;station;line;code;Line_id;x;y;Направление;Мин. ширина;Мин. Ступенек пешком;Мин. ступенек по рельсам и рампам;Лифт;Лифт отнимает ступенек;Мин. ширина рельс;Макс. ширина рельс;Макс. угол;Сделано
1978;Улица Подбельского;Сокольническая;1;1;37.73222738;55.81497611;;;;;;;;;;Антон
1991;Улица Подбельского;Сокольническая;1;1;37.73566288;55.81415332;;;;;;;;;;Антон
1981;Улица Подбельского;Сокольническая;1;1;37.73515826;55.81341854;;;;;;;;;;Антон
1980;Улица Подбельского;Сокольническая;1;1;37.73519647;55.81323101;;;;;;;;;;Антон
1979;Улица Подбельского;Сокольническая;1;1;37.73285329;55.81551526;;;;;;;;;;Антон
2011;Черкизовская;Сокольническая;2;1;37.74486359;55.80284755;;;;;;;;;;Антон
2010;Черкизовская;Сокольническая;2;1;37.74453938;55.80477283;;;;;;;;;;Антон
2009;Черкизовская;Сокольническая;2;1;37.74455832;55.80515004;;;;;;;;;;Антон
1859;Преображенская площадь;Сокольническая;3;1;37.71657837;55.79682502;;;;;;;;;;Антон
1860;Преображенская площадь;Сокольническая;3;1;37.71755995;55.79607044;;;;;;;;;;Антон
1858;Преображенская площадь;Сокольническая;3;1;37.71700281;55.79596091;;;;;;;;;;Антон
1855;Преображенская площадь;Сокольническая;3;1;37.71340146;55.79626201;;;;;;;;;;Антон
1857;Преображенская площадь;Сокольническая;3;1;37.71701697;55.79690984;;;;;;;;;;Антон
1856;Преображенская площадь;Сокольническая;3;1;37.71383769;55.79633748;;;;;;;;;;Антон
1921;Сокольники;Сокольническая;4;1;37.67947141;55.78922056;;;;;;;;;;Антон
1920;Сокольники;Сокольническая;4;1;37.67989579;55.78930272;;;;;;;;;;Антон
1677;Красносельская;Сокольническая;5;1;37.66609759;55.78007357;;;;;;;;;;Антон
1660;Комсомольская;Сокольническая;6;1;37.65612513;55.7754917;;;;;;;;;;Антон
1661;Комсомольская;Сокольническая;6;1;37.65528109;55.77570816;;;;;;;;;;Антон
1678;Красные ворота;Сокольническая;7;1;37.64780124;55.76836658;;;;;;;;;;Антон
1679;Красные ворота;Сокольническая;7;1;37.65016808;55.7696686;;;;;;;;;;Антон
2017;Чистые пруды;Сокольническая;8;1;37.63829339;55.76504896;;;;;;;;;;Антон
1711;Лубянка;Сокольническая;9;1;37.62679578;55.75909887;;;;;;;;;;Антон
1708;Лубянка;Сокольническая;9;1;37.62613432;55.75899658;;;;;;;;;;Антон
1716;Лубянка;Сокольническая;9;1;37.62839135;55.75937028;;;;;;;;;;Антон
1709;Лубянка;Сокольническая;9;1;37.62632637;55.75881343;;;;;;;;;;Антон
1712;Лубянка;Сокольническая;9;1;37.6279527;55.76003067;;;;;;;;;;Антон
1714;Лубянка;Сокольническая;9;1;37.62846718;55.7600093;;;;;;;;;;Антон
1710;Лубянка;Сокольническая;9;1;37.6271775;55.75893043;;;;;;;;;;Антон
1713;Лубянка;Сокольническая;9;1;37.62854544;55.75961894;;;;;;;;;;Антон
1715;Лубянка;Сокольническая;9;1;37.62601578;55.75899992;;;;;;;;;;Антон
1803;Охотный ряд;Сокольническая;10;1;37.61577755;55.7568574;;;;;;;;;;Антон
1799;Охотный ряд;Сокольническая;10;1;37.61431331;55.75708183;;;;;;;;;;Антон
1800;Охотный ряд;Сокольническая;10;1;37.61455752;55.7569047;;;;;;;;;;Антон
1802;Охотный ряд;Сокольническая;10;1;37.61506961;55.75722357;;;;;;;;;;Антон
1804;Охотный ряд;Сокольническая;10;1;37.61768711;55.75612198;;;;;;;;;;Антон
1805;Охотный ряд;Сокольническая;10;1;37.6156742;55.75688132;;;;;;;;;;Антон
1801;Охотный ряд;Сокольническая;10;1;37.61472345;55.75734121;;;;;;;;;;Антон
1681;Кропоткинская;Сокольническая;12;1;37.60517249;55.74571998;;;;;;;;;;Антон
1682;Кропоткинская;Сокольническая;12;1;37.60178222;55.74491549;;;;;;;;;;Антон
1808;Парк культуры;Сокольническая;13;1;37.59309609;55.73528017;;;;;;;;;;Антон
1809;Парк культуры;Сокольническая;13;1;37.59502866;55.73622175;;;;;;;;;;Антон
2001;Фрунзенская;Сокольническая;14;1;37.58036482;55.72748124;;;;;;;;;;Антон
1923;Спортивная;Сокольническая;15;1;37.56583549;55.72401129;;;;;;;;;;Антон
1922;Спортивная;Сокольническая;15;1;37.56204223;55.72244671;;;;;;;;;;Антон
1584;Воробьевы горы;Сокольническая;16;1;37.5613638;55.71149632;;;;;;;;;;Антон
1583;Воробьевы горы;Сокольническая;16;1;37.56074973;55.71167098;;;;;;;;;;Антон
1582;Воробьевы горы;Сокольническая;16;1;37.55850228;55.70986793;;;;;;;;;;Антон
1585;Воробьевы горы;Сокольническая;16;1;37.55891242;55.71018652;;;;;;;;;;Антон
1996;Университет;Сокольническая;17;1;37.53451249;55.69334808;;725;0;0;0;0;0;0;0;Антон
1995;Университет;Сокольническая;17;1;37.53479397;55.69187482;;725;21;21;0;0;0;0;0;Антон
1870;Проспект Вернадского;Сокольническая;18;1;37.50496789;55.67631229;;720;52;24;0;0;320;775;22;Антон
1867;Проспект Вернадского;Сокольническая;18;1;37.50458562;55.67660649;;720;52;52;0;0;0;0;0;Антон
1868;Проспект Вернадского;Сокольническая;18;1;37.5046874;55.67665196;;720;52;52;0;0;0;0;0;Антон
1873;Проспект Вернадского;Сокольническая;18;1;37.50737365;55.67792925;;720;36;36;0;0;0;0;0;Антон
1871;Проспект Вернадского;Сокольническая;18;1;37.50524239;55.67588661;;720;52;24;0;0;320;775;22;Антон
1869;Проспект Вернадского;Сокольническая;18;1;37.50507477;55.67636503;;720;52;24;0;0;330;775;22;Антон
1872;Проспект Вернадского;Сокольническая;18;1;37.5058422;55.67622491;;720;52;24;0;0;320;775;22;Антон
2042;Юго-западная;Сокольническая;19;1;37.48417097;55.66429914;;720;52;0;0;0;300;300;21;Антон
2041;Юго-западная;Сокольническая;19;1;37.48435114;55.66456717;;720;52;0;0;0;300;300;21;Антон
2040;Юго-западная;Сокольническая;19;1;37.48337907;55.66477084;;720;48;0;0;0;300;300;21;Антон
2039;Юго-западная;Сокольническая;19;1;37.483142;55.66452962;;720;48;0;0;0;300;300;21;Антон
2038;Юго-западная;Сокольническая;19;1;37.48311368;55.66251403;;720;52;52;0;0;0;0;0;Антон
2037;Юго-западная;Сокольническая;19;1;37.48219376;55.66302596;;720;52;52;0;0;0;0;0;Антон
2036;Юго-западная;Сокольническая;19;1;37.48207998;55.66273647;;720;52;52;0;0;0;0;0;Антон
2043;Юго-западная;Сокольническая;19;1;37.48329859;55.66280083;;720;52;52;0;0;0;0;0;Антон
1674;Красногвардейская;Замоскворецкая;20;2;37.74298719;55.61346167;;;;;;;;;;
1675;Красногвардейская;Замоскворецкая;20;2;37.74256585;55.6141191;;;;;;;;;;
1668;Красногвардейская;Замоскворецкая;20;2;37.74603132;55.61418433;;;;;;;;;;
1669;Красногвардейская;Замоскворецкая;20;2;37.74613094;55.61362478;;;;;;;;;;
1670;Красногвардейская;Замоскворецкая;20;2;37.74665726;55.61370262;;;;;;;;;;
1671;Красногвардейская;Замоскворецкая;20;2;37.74635949;55.61432937;;;;;;;;;;
1673;Красногвардейская;Замоскворецкая;20;2;37.74287572;55.61402257;;;;;;;;;;
1672;Красногвардейская;Замоскворецкая;20;2;37.74267347;55.61345206;;;;;;;;;;
1596;Домодедовская;Замоскворецкая;21;2;37.71650219;55.61100045;;;;;;;;;;
1597;Домодедовская;Замоскворецкая;21;2;37.71686385;55.61029847;;;;;;;;;;
1598;Домодедовская;Замоскворецкая;21;2;37.71826821;55.61036066;;;;;;;;;;
1599;Домодедовская;Замоскворецкая;21;2;37.7207003;55.61168288;;;;;;;;;;
1600;Домодедовская;Замоскворецкая;21;2;37.72076685;55.61086641;;;;;;;;;;
1793;Орехово;Замоскворецкая;22;2;37.69344025;55.61378573;;;;;;;;;;
1792;Орехово;Замоскворецкая;22;2;37.69612609;55.61239411;;;;;;;;;;
1794;Орехово;Замоскворецкая;22;2;37.69408984;55.61421245;;;;;;;;;;
2005;Царицыно;Замоскворецкая;23;2;37.67002283;55.62050079;;;;;;;;;;
2004;Царицыно;Замоскворецкая;23;2;37.66891397;55.62241917;;;;;;;;;;
2007;Царицыно;Замоскворецкая;23;2;37.67060473;55.6197585;;;;;;;;;;
2006;Царицыно;Замоскворецкая;23;2;37.67048363;55.62024312;;;;;;;;;;
2002;Царицыно;Замоскворецкая;23;2;37.6682383;55.62218103;;;;;;;;;;
2003;Царицыно;Замоскворецкая;23;2;37.66862234;55.62275053;;;;;;;;;;
1617;Кантемировская;Замоскворецкая;24;2;37.65521168;55.63663786;;;;;;;;;;
1616;Кантемировская;Замоскворецкая;24;2;37.65780069;55.63505923;;;;;;;;;;
1615;Кантемировская;Замоскворецкая;24;2;37.65694325;55.63473842;;;;;;;;;;
1614;Кантемировская;Замоскворецкая;24;2;37.65613601;55.63700436;;;;;;;;;;
1626;Каширская;Замоскворецкая;25;2;37.64770888;55.65438563;;;;;;;;;;
1627;Каширская;Замоскворецкая;25;2;37.64968622;55.65580393;;;;;;;;;;
1623;Каховская;Каховская;26;11;37.60008473;55.65291899;;;;;;;;;;
1618;Каховская;Каховская;26;11;37.59657594;55.65298148;;;;;;;;;;
1619;Каховская;Каховская;26;11;37.59674464;55.65304012;;;;;;;;;;
1620;Каховская;Каховская;26;11;37.59691036;55.65254423;;;;;;;;;;
1622;Каховская;Каховская;26;11;37.59997362;55.6535609;;;;;;;;;;
1624;Каховская;Каховская;26;11;37.60012432;55.65356348;;;;;;;;;;
1625;Каховская;Каховская;26;11;37.60025153;55.65291591;;;;;;;;;;
1621;Каховская;Каховская;26;11;37.59708717;55.65259467;;;;;;;;;;
1557;Варшавская;Каховская;27;11;37.62292398;55.65374394;;;;;;;;;;
1556;Варшавская;Каховская;27;11;37.61807552;55.65366996;;;;;;;;;;
1555;Варшавская;Каховская;27;11;37.62076014;55.65352661;;;;;;;;;;
1554;Варшавская;Каховская;27;11;37.61787823;55.65313553;;;;;;;;;;
1649;Коломенская;Замоскворецкая;28;2;37.662973;55.6776979;;;;;;;;;;
1650;Коломенская;Замоскворецкая;28;2;37.66335108;55.67925019;;;;;;;;;;
1651;Коломенская;Замоскворецкая;28;2;37.66442221;55.67675833;;;;;;;;;;
1652;Коломенская;Замоскворецкая;28;2;37.66454562;55.67765203;;;;;;;;;;
1655;Коломенская;Замоскворецкая;28;2;37.66344589;55.67966748;;;;;;;;;;
1653;Коломенская;Замоскворецкая;28;2;37.66499881;55.67953422;;;;;;;;;;
1654;Коломенская;Замоскворецкая;28;2;37.66488741;55.67914037;;;;;;;;;;
1648;Коломенская;Замоскворецкая;28;2;37.66278651;55.67686086;;;;;;;;;;
1489;Автозаводская;Замоскворецкая;29;2;37.6571665;55.70630611;;;;;;;;;;
1490;Автозаводская;Замоскворецкая;29;2;37.65732061;55.70865724;;;;;;;;;;
1491;Автозаводская;Замоскворецкая;29;2;37.65812781;55.70846604;;;;;;;;;;
1807;Павелецкая;Замоскворецкая;30;2;37.63869678;55.72979183;;;;;;;;;;
1806;Павелецкая;Замоскворецкая;30;2;37.63629498;55.73147211;;;;;;;;;;
1774;Новокузнецкая;Замоскворецкая;31;2;37.62928117;55.74245028;;;;;;;;;;
1948;Театральная;Замоскворецкая;32;2;37.61781258;55.75884462;;;;;;;;;;Антон
1836;Театральная;Замоскворецкая;32;2;37.61960573;55.75660529;;;;;;;;;;Антон
1946;Тверская;Замоскворецкая;33;2;37.60391842;55.7654023;;;;;;;;;;
1947;Тверская;Замоскворецкая;33;2;37.60563287;55.76431497;;;;;;;;;;
1737;Маяковская;Замоскворецкая;34;2;37.59659818;55.76924023;;;;;;;;;;
1736;Маяковская;Замоскворецкая;34;2;37.59448817;55.77120255;;;;;;;;;;
1526;Белорусская;Замоскворецкая;35;2;37.5821482;55.77734145;;;;;;;;;;
1591;Динамо;Замоскворецкая;36;2;37.55663375;55.79049649;;;;;;;;;;
1592;Динамо;Замоскворецкая;36;2;37.55982158;55.78909351;;;;;;;;;;
1510;Аэропорт;Замоскворецкая;37;2;37.53046104;55.80047488;;;;;;;;;;
1512;Аэропорт;Замоскворецкая;37;2;37.53434927;55.80005496;;;;;;;;;;
1513;Аэропорт;Замоскворецкая;37;2;37.53215142;55.80105983;;;;;;;;;;
1511;Аэропорт;Замоскворецкая;37;2;37.53176733;55.80127082;;;;;;;;;;
1918;Сокол;Замоскворецкая;38;2;37.51651906;55.8050706;;;;;;;;;;
1914;Сокол;Замоскворецкая;38;2;37.51438753;55.80435769;;;;;;;;;;
1915;Сокол;Замоскворецкая;38;2;37.51524367;55.80562237;;;;;;;;;;
1917;Сокол;Замоскворецкая;38;2;37.51634813;55.80510674;;;;;;;;;;
1919;Сокол;Замоскворецкая;38;2;37.51596283;55.80433601;;;;;;;;;;
1916;Сокол;Замоскворецкая;38;2;37.51579177;55.8043722;;;;;;;;;;
1567;Войковская;Замоскворецкая;39;2;37.49798146;55.81803907;;;;;;;;;;
1568;Войковская;Замоскворецкая;39;2;37.49659;55.81978079;;;;;;;;;;
1569;Войковская;Замоскворецкая;39;2;37.49777692;55.82008728;;;;;;;;;;
1570;Войковская;Замоскворецкая;39;2;37.4979696;55.81814519;;;;;;;;;;
1571;Войковская;Замоскворецкая;39;2;37.49817825;55.81790159;;;;;;;;;;
1572;Войковская;Замоскворецкая;39;2;37.49891145;55.81850867;;;;;;;;;;
1573;Войковская;Замоскворецкая;39;2;37.49958531;55.81788214;;;;;;;;;;
1566;Водный Стадион;Замоскворецкая;40;2;37.48751325;55.83903639;;;;;;;;;;
1565;Водный Стадион;Замоскворецкая;40;2;37.48610725;55.84070492;;;;;;;;;;
1889;Речной вокзал;Замоскворецкая;41;2;37.47662482;55.85425309;;;;;;;;;;
1888;Речной вокзал;Замоскворецкая;41;2;37.47555443;55.85593012;;;;;;;;;;
1632;Киевская;Арбатско-Покровская;42;3;37.5675733;55.7436919;;;;;;;;;;
1629;Киевская;Арбатско-Покровская;42;3;37.56542533;55.74322109;;;;;;;;;;
1630;Киевская;Арбатско-Покровская;42;3;37.56690469;55.74411183;;;;;;;;;;
1631;Киевская;Арбатско-Покровская;42;3;37.56717499;55.74370794;;;;;;;;;;
1633;Киевская;Арбатско-Покровская;42;3;37.56711806;55.74420545;;;;;;;;;;
1628;Киевская;Арбатско-Покровская;42;3;37.56432053;55.74301243;;;;;;;;;;
1913;Смоленская;Арбатско-Покровская;43;3;37.58380279;55.74777189;;;;;;;;;;
1912;Смоленская;Арбатско-Покровская;43;3;37.58217373;55.74914214;;;;;;;;;;
1508;Арбатская;Арбатско-Покровская;44;3;37.6034912;55.75237085;;;;;;;;;;Антон
1837;Площадь Революции;Арбатско-Покровская;45;3;37.62341411;55.7565205;;;;;;;;;;Антон
1700;Курская;Арбатско-Покровская;46;3;37.6590404;55.75862302;;;;;;;;;;
1702;Курская;Арбатско-Покровская;46;3;37.66160326;55.76020833;;;;;;;;;;
1701;Курская;Арбатско-Покровская;46;3;37.66035918;55.75855002;;;;;;;;;;
1520;Бауманская;Арбатско-Покровская;47;3;37.67909885;55.77246507;;;;;;;;;;
2035;Электрозаводская;Арбатско-Покровская;48;3;37.7053014;55.78211644;;;;;;;;;;
1905;Семеновская;Арбатско-Покровская;49;3;37.71929008;55.78315566;;;;;;;;;;
1815;Партизанская;Арбатско-Покровская;50;3;37.74946026;55.78848306;;;;;;;;;;
1607;Измайловская;Арбатско-Покровская;51;3;37.78314681;55.7878118;;;;;;;;;;
1606;Измайловская;Арбатско-Покровская;51;3;37.77989672;55.78777342;;;;;;;;;;
1817;Первомайская;Арбатско-Покровская;52;3;37.79905142;55.79368192;;;;;;;;;;
1819;Первомайская;Арбатско-Покровская;52;3;37.79978072;55.79370434;;;;;;;;;;
1816;Первомайская;Арбатско-Покровская;52;3;37.79892774;55.79566675;;;;;;;;;;
1818;Первомайская;Арбатско-Покровская;52;3;37.79972847;55.79567905;;;;;;;;;;
2027;Щелковская;Арбатско-Покровская;53;3;37.79835425;55.80852529;;;;;;;;;;
2028;Щелковская;Арбатско-Покровская;53;3;37.79882879;55.81051739;;;;;;;;;;
2025;Щелковская;Арбатско-Покровская;53;3;37.79819944;55.81051447;;;;;;;;;;
2026;Щелковская;Арбатско-Покровская;53;3;37.79826202;55.81002286;;;;;;;;;;
2030;Щелковская;Арбатско-Покровская;53;3;37.79891421;55.80853828;;;;;;;;;;
2029;Щелковская;Арбатско-Покровская;53;3;37.79884404;55.81003874;;;;;;;;;;
1498;Александровский сад;Филевская;54;4;37.61265514;55.75222684;;;;;;;;;;Антон
1497;Александровский сад;Филевская;54;4;37.61023103;55.7520258;;;;;;;;;;Антон
1496;Александровский сад;Филевская;54;4;37.61004135;55.75222369;;;;;;;;;;Антон
1536;Александровский сад;Филевская;54;4;37.61068292;55.75264625;;;;;;;;;;Антон
1535;Александровский сад;Филевская;54;4;37.60877575;55.75231421;;;;;;;;;;Антон
1509;Арбатская;Филевская;55;4;37.60155427;55.75218066;;;;;;;;;;
1930;Студенческая;Филевская;58;4;37.54842127;55.73881951;;;;;;;;;;
1705;Кутузовская;Филевская;59;4;37.53410118;55.74060229;;;;;;;;;;
1704;Кутузовская;Филевская;59;4;37.53473094;55.73947987;;;;;;;;;;
1999;Фили;Филевская;60;4;37.51403514;55.74682127;;;;;;;;;;
2000;Фили;Филевская;60;4;37.51568838;55.7454202;;;;;;;;;;
1517;Багратионовская;Филевская;62;4;37.49704291;55.74360153;;;;;;;;;;
1518;Багратионовская;Филевская;62;4;37.49826366;55.74399526;;;;;;;;;;
1998;Филевский парк;Филевская;62;4;37.48273804;55.73943753;;;;;;;;;;
1997;Филевский парк;Филевская;62;4;37.48390217;55.73972299;;;;;;;;;;
1832;Пионерская;Филевская;63;4;37.46755445;55.73614079;;;;;;;;;;
1831;Пионерская;Филевская;63;4;37.46658953;55.73597824;;;;;;;;;;
1752;Молодежная;Арбатско-Покровская;65;3;37.41813456;55.74023103;;;;;;;;;;
1751;Молодежная;Арбатско-Покровская;65;3;37.41562744;55.74143284;;;;;;;;;;
1684;Крылатское;Арбатско-Покровская;66;3;37.4075704;55.75552176;;;;;;;;;;
1683;Крылатское;Арбатско-Покровская;66;3;37.40723887;55.75772868;;;;;;;;;;
1686;Крылатское;Арбатско-Покровская;66;3;37.40862065;55.75766047;;;;;;;;;;
1687;Крылатское;Арбатско-Покровская;66;3;37.40732144;55.75735295;;;;;;;;;;
1688;Крылатское;Арбатско-Покровская;66;3;37.4086047;55.75814196;;;;;;;;;;
1689;Крылатское;Арбатско-Покровская;66;3;37.40883709;55.75569379;;;;;;;;;;
1690;Крылатское;Арбатско-Покровская;66;3;37.4076535;55.75528067;;;;;;;;;;
1685;Крылатское;Арбатско-Покровская;66;3;37.4085639;55.75530208;;;;;;;;;;
1525;Белорусская;Кольцевая;67;5;37.58230354;55.7752381;;;;;;;;;;
1527;Белорусская;Кольцевая;67;5;37.58554568;55.7775305;;;;;;;;;;
1775;Новослободская;Кольцевая;68;5;37.60125225;55.77966467;;;;;;;;;;
1657;Комсомольская;Кольцевая;70;5;37.65577663;55.77526519;;;;;;;;;;Антон
1656;Комсомольская;Кольцевая;70;5;37.65590699;55.77584046;;;;;;;;;;Антон
1658;Комсомольская;Кольцевая;70;5;37.65588183;55.77447097;;;;;;;;;;Антон
1659;Комсомольская;Кольцевая;70;5;37.65607822;55.77653319;;;;;;;;;;Антон
1703;Курская;Кольцевая;71;5;37.65934368;55.75602493;;;;;;;;;;
1942;Таганская;Кольцевая;72;5;37.65295616;55.73943829;;;;;;;;;;
1945;Таганская;Кольцевая;72;5;37.65333544;55.74245502;;;;;;;;;;
1943;Таганская;Кольцевая;72;5;37.65336779;55.73972482;;;;;;;;;;
1944;Таганская;Кольцевая;72;5;37.653612;55.73944729;;;;;;;;;;
1595;Добрынинская;Кольцевая;74;5;37.62253408;55.72905314;;;;;;;;;;
1676;Краснопресненская;Кольцевая;78;5;37.57712911;55.76024487;;;;;;;;;;
1768;Новогиреево;Калининская;79;8;37.81854973;55.75170706;;;;;;;;;;
1766;Новогиреево;Калининская;79;8;37.81493224;55.75181411;;;;;;;;;;
1767;Новогиреево;Калининская;79;8;37.81841398;55.75131074;;;;;;;;;;
1765;Новогиреево;Калининская;79;8;37.81458966;55.75229781;;;;;;;;;;
1820;Перово;Калининская;80;8;37.78429764;55.75112912;;;;;;;;;;
1821;Перово;Калининская;80;8;37.78457602;55.75068504;;;;;;;;;;
1822;Перово;Калининская;80;8;37.7848856;55.75121471;;;;;;;;;;
1823;Перово;Калининская;80;8;37.78814138;55.75181641;;;;;;;;;;
1824;Перово;Калининская;80;8;37.78838473;55.75130132;;;;;;;;;;
2018;Шоссе Энтузиастов;Калининская;81;8;37.75146644;55.7585844;;;;;;;;;;
2019;Шоссе Энтузиастов;Калининская;81;8;37.75170465;55.75815034;;;;;;;;;;
1480;Авиамоторная;Калининская;82;8;37.71653136;55.75182696;;;;;;;;;;
1481;Авиамоторная;Калининская;82;8;37.71624212;55.75165313;;;;;;;;;;
1482;Авиамоторная;Калининская;82;8;37.71670679;55.75200079;;;;;;;;;;
1483;Авиамоторная;Калининская;82;8;37.71646501;55.75122793;;;;;;;;;;
1484;Авиамоторная;Калининская;82;8;37.71704343;55.75235914;;;;;;;;;;
1485;Авиамоторная;Калининская;82;8;37.71744521;55.75199246;;;;;;;;;;
1486;Авиамоторная;Калининская;82;8;37.71747028;55.75086692;;;;;;;;;;
1487;Авиамоторная;Калининская;82;8;37.71778323;55.75093913;;;;;;;;;;
1488;Авиамоторная;Калининская;82;8;37.71677087;55.75095917;;;;;;;;;;
1835;Площадь Ильича;Калининская;83;8;37.68072713;55.74717466;;;;;;;;;;
1723;Марксистская;Калининская;84;8;37.65641665;55.740615;;;;;;;;;;
1724;Марксистская;Калининская;84;8;37.65660879;55.74120492;;;;;;;;;;
1738;Медведково;Калужско-Рижская;86;6;37.66125278;55.88621566;;;;;;;;;;
1739;Медведково;Калужско-Рижская;86;6;37.66156037;55.88816329;;;;;;;;;;
1514;Бабушкинская;Калужско-Рижская;87;6;37.66328697;55.868686;;;;;;;;;;
1515;Бабушкинская;Калужско-Рижская;87;6;37.66429832;55.87061607;;;;;;;;;;
1516;Бабушкинская;Калужско-Рижская;87;6;37.6653275;55.87047389;;;;;;;;;;
1899;Свиблово;Калужско-Рижская;88;6;37.65173168;55.85453758;;;;;;;;;;
1898;Свиблово;Калужско-Рижская;88;6;37.65122993;55.85477625;;;;;;;;;;
1897;Свиблово;Калужско-Рижская;88;6;37.65381879;55.85614989;;;;;;;;;;
1900;Свиблово;Калужско-Рижская;88;6;37.65441699;55.85579626;;;;;;;;;;
1542;Ботанический сад;Калужско-Рижская;89;6;37.63757791;55.84393001;;;;;;;;;;
1541;Ботанический сад;Калужско-Рижская;89;6;37.63908286;55.84679352;;;;;;;;;;
1540;Ботанический сад;Калужско-Рижская;89;6;37.63834831;55.84589687;;;;;;;;;;
1559;ВДНХ;Калужско-Рижская;90;6;37.64071384;55.81959532;;;;;;;;;;
1562;ВДНХ;Калужско-Рижская;90;6;37.64145014;55.82232699;;;;;;;;;;
1561;ВДНХ;Калужско-Рижская;90;6;37.64111212;55.81998641;;;;;;;;;;
1560;ВДНХ;Калужско-Рижская;90;6;37.639609;55.819939;;;;;;;;;;
1558;ВДНХ;Калужско-Рижская;90;6;37.63995527;55.82030674;;;;;;;;;;
1499;Алексеевская;Калужско-Рижская;91;6;37.63869888;55.80785299;;;;;;;;;;
1890;Рижская;Калужско-Рижская;92;6;37.6361992;55.79249636;;;;;;;;;;
1874;Проспект Мира;Калужско-Рижская;93;6;37.6331997;55.78188586;;;;;;;;;;
1875;Проспект Мира;Калужско-Рижская;93;6;37.63364691;55.77964333;;;;;;;;;;
1931;Сухаревская;Калужско-Рижская;94;6;37.63213219;55.77224956;;;;;;;;;;
1932;Сухаревская;Калужско-Рижская;94;6;37.63285039;55.77237426;;;;;;;;;;
1969;Тургеневская;Калужско-Рижская;95;6;37.63696486;55.76526629;;;;;;;;;;Антон
1968;Тургеневская;Калужско-Рижская;95;6;37.63645748;55.76549284;;;;;;;;;;Антон
1645;Китай-город;Калужско-Рижская;96;6;37.63544813;55.7537475;;;;;;;;;;
1636;Китай-город;Калужско-Рижская;96;6;37.6306633;55.7567514;;;;;;;;;;
1634;Китай-город;Калужско-Рижская;96;6;37.63001847;55.75623265;;;;;;;;;;
1638;Китай-город;Калужско-Рижская;96;6;37.63124653;55.75687174;;;;;;;;;;
1639;Китай-город;Калужско-Рижская;96;6;37.63177758;55.75715518;;;;;;;;;;
1640;Китай-город;Калужско-Рижская;96;6;37.63294431;55.7531549;;;;;;;;;;
1641;Китай-город;Калужско-Рижская;96;6;37.63357971;55.75297039;;;;;;;;;;
1642;Китай-город;Калужско-Рижская;96;6;37.63409557;55.75418955;;;;;;;;;;
1644;Китай-город;Калужско-Рижская;96;6;37.62951582;55.75661768;;;;;;;;;;
1635;Китай-город;Калужско-Рижская;96;6;37.63054;55.756976;;;;;;;;;;
1643;Китай-город;Калужско-Рижская;96;6;37.63494999;55.75411895;;;;;;;;;;
1637;Китай-город;Калужско-Рижская;96;6;37.63176808;55.75735839;;;;;;;;;;
1964;Третьяковская;Калужско-Рижская;97;6;37.62562571;55.74078928;;;;;;;;;;
1782;Октябрьская;Калужско-Рижская;98;6;37.61105063;55.72932251;;;;;;;;;;
1783;Октябрьская;Калужско-Рижская;98;6;37.61285231;55.731291;;;;;;;;;;
2020;Шаболовская;Калужско-Рижская;99;6;37.60789375;55.71888692;;;;;;;;;;
1706;Ленинский проспект;Калужско-Рижская;100;6;37.58487688;55.70685232;;;;;;;;;;
1707;Ленинский проспект;Калужско-Рижская;100;6;37.58738722;55.70841343;;;;;;;;;;
1494;Академическая;Калужско-Рижская;101;6;37.57395298;55.68876242;;;;;;;;;;
1495;Академическая;Калужско-Рижская;101;6;37.57471304;55.68855827;;;;;;;;;;
1493;Академическая;Калужско-Рижская;101;6;37.57291098;55.68692886;;;;;;;;;;
1492;Академическая;Калужско-Рижская;101;6;37.57230178;55.68720547;;;;;;;;;;
1879;Профсоюзная;Калужско-Рижская;102;6;37.56406322;55.67867549;;;;;;;;;;
1878;Профсоюзная;Калужско-Рижская;102;6;37.56338578;55.67887984;;;;;;;;;;
1877;Профсоюзная;Калужско-Рижская;102;6;37.56230539;55.67706036;;;;;;;;;;
1876;Профсоюзная;Калужско-Рижская;102;6;37.56167618;55.67728581;;;;;;;;;;
1781;Новые Черемушки;Калужско-Рижская;103;6;37.55573453;55.67101034;;;;;;;;;;
1780;Новые Черемушки;Калужско-Рижская;103;6;37.55523449;55.67117212;;;;;;;;;;
1778;Новые Черемушки;Калужско-Рижская;103;6;37.55351264;55.66958861;;;;;;;;;;
1779;Новые Черемушки;Калужско-Рижская;103;6;37.55402839;55.66941708;;;;;;;;;;
1612;Калужская;Калужско-Рижская;104;6;37.54090217;55.6581429;;;;;;;;;;
1613;Калужская;Калужско-Рижская;104;6;37.54182909;55.65779153;;;;;;;;;;
1611;Калужская;Калужско-Рижская;104;6;37.54018149;55.656292;;;;;;;;;;
1610;Калужская;Калужско-Рижская;104;6;37.53940426;55.65537916;;;;;;;;;;
1609;Калужская;Калужско-Рижская;104;6;37.53922392;55.65656156;;;;;;;;;;
1608;Калужская;Калужско-Рижская;104;6;37.53824783;55.65567157;;;;;;;;;;
1531;Беляево;Калужско-Рижская;105;6;37.5273558;55.64362896;;;;;;;;;;
1529;Беляево;Калужско-Рижская;105;6;37.52609887;55.64162547;;;;;;;;;;
1528;Беляево;Калужско-Рижская;105;6;37.52520845;55.64181717;;;;;;;;;;
1530;Беляево;Калужско-Рижская;105;6;37.52658815;55.64374655;;;;;;;;;;
1662;Коньково;Калужско-Рижская;106;6;37.5179373;55.6323372;;;;;;;;;;
1666;Коньково;Калужско-Рижская;106;6;37.51988515;55.63408463;;;;;;;;;;
1665;Коньково;Калужско-Рижская;106;6;37.51954222;55.63474735;;;;;;;;;;
1667;Коньково;Калужско-Рижская;106;6;37.52058618;55.63389484;;;;;;;;;;
1663;Коньково;Калужско-Рижская;106;6;37.51919373;55.63427391;;;;;;;;;;
1664;Коньково;Калужско-Рижская;106;6;37.51931479;55.63204283;;;;;;;;;;
1956;Теплый стан;Калужско-Рижская;107;6;37.50527078;55.61984711;;;;;;;;;;
1960;Теплый стан;Калужско-Рижская;107;6;37.50847267;55.6177689;;;;;;;;;;
1959;Теплый стан;Калужско-Рижская;107;6;37.50801302;55.61743843;;;;;;;;;;
1957;Теплый стан;Калужско-Рижская;107;6;37.50613422;55.61966318;;;;;;;;;;
1958;Теплый стан;Калужско-Рижская;107;6;37.50719067;55.6196344;;;;;;;;;;
2053;Ясенево;Калужско-Рижская;108;6;37.53148375;55.6061446;;;;;;;;;;
2048;Ясенево;Калужско-Рижская;108;6;37.53481873;55.60550586;;;;;;;;;;
2049;Ясенево;Калужско-Рижская;108;6;37.53549525;55.60602657;;;;;;;;;;
2050;Ясенево;Калужско-Рижская;108;6;37.53310538;55.60661169;;;;;;;;;;
2051;Ясенево;Калужско-Рижская;108;6;37.53128931;55.60659018;;;;;;;;;;
2052;Ясенево;Калужско-Рижская;108;6;37.53153111;55.60689081;;;;;;;;;;
2055;Ясенево;Калужско-Рижская;108;6;37.53456586;55.60622787;;;;;;;;;;
2054;Ясенево;Калужско-Рижская;108;6;37.53422923;55.60565612;;;;;;;;;;
1777;Новоясеневская;Калужско-Рижская;109;6;37.55302095;55.60200441;;;;;;;;;;
1776;Новоясеневская;Калужско-Рижская;109;6;37.55292884;55.60145829;;;;;;;;;;
1590;Выхино;Таганско-Краснопресненская;110;7;37.81679028;55.71603879;;;;;;;;;;
1589;Выхино;Таганско-Краснопресненская;110;7;37.81890985;55.71579927;;;;;;;;;;
1893;Рязанский проспект;Таганско-Краснопресненская;111;7;37.79269703;55.71619868;;;;;;;;;;
1894;Рязанский проспект;Таганско-Краснопресненская;111;7;37.79386273;55.71784294;;;;;;;;;;
1692;Кузьминки;Таганско-Краснопресненская;112;7;37.76315743;55.70558707;;;;;;;;;;
1694;Кузьминки;Таганско-Краснопресненская;112;7;37.76773797;55.70496801;;;;;;;;;;
1693;Кузьминки;Таганско-Краснопресненская;112;7;37.76331862;55.70600474;;;;;;;;;;
1695;Кузьминки;Таганско-Краснопресненская;112;7;37.76751034;55.70547136;;;;;;;;;;
1951;Текстильщики;Таганско-Краснопресненская;113;7;37.73365898;55.70895313;;;;;;;;;;
1950;Текстильщики;Таганско-Краснопресненская;113;7;37.73313261;55.70953473;;;;;;;;;;
1952;Текстильщики;Таганско-Краснопресненская;113;7;37.72992153;55.70838745;;;;;;;;;;
1953;Текстильщики;Таганско-Краснопресненская;113;7;37.73366842;55.70952738;;;;;;;;;;
1954;Текстильщики;Таганско-Краснопресненская;113;7;37.73312791;55.70895312;;;;;;;;;;
1949;Текстильщики;Таганско-Краснопресненская;113;7;37.72872186;55.70853364;;;;;;;;;;
1574;Волгоградский проспект;Таганско-Краснопресненская;114;7;37.68520462;55.72560261;;;;;;;;;;
1575;Волгоградский проспект;Таганско-Краснопресненская;114;7;37.68891985;55.72416831;;;;;;;;;;
1865;Пролетарская;Таганско-Краснопресненская;115;7;37.66788334;55.73196871;;;;;;;;;;
1864;Пролетарская;Таганско-Краснопресненская;115;7;37.66796565;55.73244426;;;;;;;;;;
1866;Пролетарская;Таганско-Краснопресненская;115;7;37.66837582;55.73222956;;;;;;;;;;
1862;Пролетарская;Таганско-Краснопресненская;115;7;37.66451377;55.73117528;;;;;;;;;;
1861;Пролетарская;Таганско-Краснопресненская;115;7;37.66416283;55.73183348;;;;;;;;;;
1863;Пролетарская;Таганско-Краснопресненская;115;7;37.66501164;55.73132245;;;;;;;;;;
1691;Кузнецкий мост;Таганско-Краснопресненская;118;7;37.62442413;55.76155723;;;;;;;;;;Антон
2060;Пушкинская;Таганско-Краснопресненская;119;7;37.604014;55.76611167;;;;;;;;;;
2015;Пушкинская;Таганско-Краснопресненская;119;7;37.6082466;55.76607856;;;;;;;;;;
2014;Пушкинская;Таганско-Краснопресненская;119;7;37.60774162;55.76586603;;;;;;;;;;
1880;Пушкинская;Таганско-Краснопресненская;119;7;37.6040265;55.76570555;;;;;;;;;;
1883;Пушкинская;Таганско-Краснопресненская;119;7;37.60503414;55.76528854;;;;;;;;;;
1881;Пушкинская;Таганско-Краснопресненская;119;7;37.60632391;55.76488222;;;;;;;;;;
1519;Баррикадная;Таганско-Краснопресненская;120;7;37.58124962;55.76085187;;;;;;;;;;
1975;Улица 1905 года;Таганско-Краснопресненская;121;7;37.56086703;55.76585678;;;;;;;;;;
1976;Улица 1905 года;Таганско-Краснопресненская;121;7;37.56026433;55.76564062;;;;;;;;;;
1982;Улица 1905 года;Таганско-Краснопресненская;121;7;37.56227183;55.76400274;;;;;;;;;;
1524;Беговая;Таганско-Краснопресненская;122;7;37.54853327;55.77428106;;;;;;;;;;
1523;Беговая;Таганско-Краснопресненская;122;7;37.5485286;55.77314516;;;;;;;;;;
1521;Беговая;Таганско-Краснопресненская;122;7;37.54447319;55.77337983;;;;;;;;;;
1522;Беговая;Таганско-Краснопресненская;122;7;37.54463307;55.77407416;;;;;;;;;;
1843;Полежаевская;Таганско-Краснопресненская;123;7;37.52123512;55.7780785;;;;;;;;;;
1844;Полежаевская;Таганско-Краснопресненская;123;7;37.52090306;55.77795791;;;;;;;;;;
1845;Полежаевская;Таганско-Краснопресненская;123;7;37.52165227;55.77762388;;;;;;;;;;
1840;Полежаевская;Таганско-Краснопресненская;123;7;37.51723441;55.77707561;;;;;;;;;;
1842;Полежаевская;Таганско-Краснопресненская;123;7;37.52122227;55.77759251;;;;;;;;;;
1839;Полежаевская;Таганско-Краснопресненская;123;7;37.51707189;55.77762876;;;;;;;;;;
1841;Полежаевская;Таганско-Краснопресненская;123;7;37.51773176;55.77764475;;;;;;;;;;
1838;Полежаевская;Таганско-Краснопресненская;123;7;37.51704334;55.77746076;;;;;;;;;;
1784;Октябрьское поле;Таганско-Краснопресненская;124;7;37.49230946;55.79392714;;;;;;;;;;
1787;Октябрьское поле;Таганско-Краснопресненская;124;7;37.49244687;55.79432556;;;;;;;;;;
1786;Октябрьское поле;Таганско-Краснопресненская;124;7;37.49261529;55.79411614;;;;;;;;;;
1785;Октябрьское поле;Таганско-Краснопресненская;124;7;37.49204622;55.79411283;;;;;;;;;;
1788;Октябрьское поле;Таганско-Краснопресненская;124;7;37.49425364;55.79280721;;;;;;;;;;
1789;Октябрьское поле;Таганско-Краснопресненская;124;7;37.49474678;55.79265829;;;;;;;;;;
1790;Октябрьское поле;Таганско-Краснопресненская;124;7;37.49490746;55.79306079;;;;;;;;;;
1791;Октябрьское поле;Таганско-Краснопресненская;124;7;37.49505972;55.79285197;;;;;;;;;;
2031;Щукинская;Таганско-Краснопресненская;125;7;37.46279697;55.80912386;;;;;;;;;;
2032;Щукинская;Таганско-Краснопресненская;125;7;37.46324014;55.80945838;;;;;;;;;;
2033;Щукинская;Таганско-Краснопресненская;125;7;37.46549752;55.80774461;;;;;;;;;;
2034;Щукинская;Таганско-Краснопресненская;125;7;37.46595626;55.80803474;;;;;;;;;;
1973;Тушинская;Таганско-Краснопресненская;126;7;37.43804678;55.82824765;;;;;;;;;;
1972;Тушинская;Таганско-Краснопресненская;126;7;37.43738336;55.82741539;;;;;;;;;;
1971;Тушинская;Таганско-Краснопресненская;126;7;37.43702246;55.82553732;;;;;;;;;;
1970;Тушинская;Таганско-Краснопресненская;126;7;37.4360318;55.82567189;;;;;;;;;;
1933;Сходненская;Таганско-Краснопресненская;127;7;37.43851327;55.85141111;;;;;;;;;;
1934;Сходненская;Таганско-Краснопресненская;127;7;37.43886414;55.85156162;;;;;;;;;;
1935;Сходненская;Таганско-Краснопресненская;127;7;37.43922702;55.84960327;;;;;;;;;;
1936;Сходненская;Таганско-Краснопресненская;127;7;37.43921994;55.84942204;;;;;;;;;;
1937;Сходненская;Таганско-Краснопресненская;127;7;37.44011583;55.85162836;;;;;;;;;;
1938;Сходненская;Таганско-Краснопресненская;127;7;37.44040757;55.85153585;;;;;;;;;;
1939;Сходненская;Таганско-Краснопресненская;127;7;37.44068034;55.84975135;;;;;;;;;;
1940;Сходненская;Таганско-Краснопресненская;127;7;37.44075734;55.84931835;;;;;;;;;;
1941;Сходненская;Таганско-Краснопресненская;127;7;37.44084196;55.84969875;;;;;;;;;;
1833;Планерная;Таганско-Краснопресненская;128;7;37.43613001;55.86168035;;;;;;;;;;
1834;Планерная;Таганско-Краснопресненская;128;7;37.43680499;55.85973432;;;;;;;;;;
1505;Алтуфьево;Серпуховско-Тимирязевская;129;9;37.58799719;55.89907414;;;;;;;;;;
1502;Алтуфьево;Серпуховско-Тимирязевская;129;9;37.58647028;55.89909379;;;;;;;;;;
1503;Алтуфьево;Серпуховско-Тимирязевская;129;9;37.58649605;55.89688648;;;;;;;;;;
1504;Алтуфьево;Серпуховско-Тимирязевская;129;9;37.58792621;55.89687088;;;;;;;;;;
1532;Бибирево;Серпуховско-Тимирязевская;130;9;37.60459656;55.88413344;;;;;;;;;;
1534;Бибирево;Серпуховско-Тимирязевская;130;9;37.60520752;55.88354767;;;;;;;;;;
1533;Бибирево;Серпуховско-Тимирязевская;130;9;37.601486;55.88410539;;;;;;;;;;
1795;Отрадное;Серпуховско-Тимирязевская;131;9;37.6044457;55.86246675;;;;;;;;;;
1796;Отрадное;Серпуховско-Тимирязевская;131;9;37.60530947;55.86437159;;;;;;;;;;
1797;Отрадное;Серпуховско-Тимирязевская;131;9;37.60608948;55.86417812;;;;;;;;;;
1798;Отрадное;Серпуховско-Тимирязевская;131;9;37.60364124;55.86268674;;;;;;;;;;
1563;Владыкино;Серпуховско-Тимирязевская;132;9;37.58937589;55.84612658;;;;;;;;;;
1564;Владыкино;Серпуховско-Тимирязевская;132;9;37.59047346;55.84822338;;;;;;;;;;
1825;Петровско-Разумовская;Серпуховско-Тимирязевская;133;9;37.57551062;55.83662354;;;;;;;;;;
1961;Тимирязевская;Серпуховско-Тимирязевская;134;9;37.57519065;55.81717587;;;;;;;;;;
1962;Тимирязевская;Серпуховско-Тимирязевская;134;9;37.57506013;55.81901127;;;;;;;;;;
1593;Дмитровская;Серпуховско-Тимирязевская;135;9;37.58032655;55.807973;;;;;;;;;;
1594;Дмитровская;Серпуховско-Тимирязевская;135;9;37.5814693;55.80811522;;;;;;;;;;
1895;Савеловская;Серпуховско-Тимирязевская;136;9;37.58885965;55.79413382;;;;;;;;;;
1896;Савеловская;Серпуховско-Тимирязевская;136;9;37.58716325;55.79411317;;;;;;;;;;
1741;Менделеевская;Серпуховско-Тимирязевская;137;9;37.59860764;55.78151108;;;;;;;;;;
1743;Менделеевская;Серпуховско-Тимирязевская;137;9;37.59827569;55.78194596;;;;;;;;;;
1742;Менделеевская;Серпуховско-Тимирязевская;137;9;37.59914148;55.78205814;;;;;;;;;;
2016;Чеховская;Серпуховско-Тимирязевская;139;9;37.60844103;55.76577381;;;;;;;;;;
1846;Полянка;Серпуховско-Тимирязевская;141;9;37.61859564;55.73685353;;;;;;;;;;
1907;Серпуховская;Серпуховско-Тимирязевская;142;9;37.62539231;55.72698932;;;;;;;;;;
1906;Серпуховская;Серпуховско-Тимирязевская;142;9;37.6247936;55.72660664;;;;;;;;;;
1966;Тульская;Серпуховско-Тимирязевская;143;9;37.62246465;55.70788765;;;;;;;;;;
1967;Тульская;Серпуховско-Тимирязевская;143;9;37.62257107;55.70966883;;;;;;;;;;
1756;Нагатинская;Серпуховско-Тимирязевская;144;9;37.62143809;55.68217592;;;;;;;;;;
1755;Нагатинская;Серпуховско-Тимирязевская;144;9;37.62157133;55.68224267;;;;;;;;;;
1754;Нагатинская;Серпуховско-Тимирязевская;144;9;37.62205501;55.68195201;;;;;;;;;;
1757;Нагатинская;Серпуховско-Тимирязевская;144;9;37.62270092;55.68424097;;;;;;;;;;
1759;Нагорная;Серпуховско-Тимирязевская;145;9;37.61107274;55.67287389;;;;;;;;;;
1758;Нагорная;Серпуховско-Тимирязевская;145;9;37.61040011;55.67302008;;;;;;;;;;
1763;Нахимовский проспект;Серпуховско-Тимирязевская;146;9;37.60520902;55.6619535;;;;;;;;;;
1760;Нахимовский проспект;Серпуховско-Тимирязевская;146;9;37.60607666;55.66342236;;;;;;;;;;
1762;Нахимовский проспект;Серпуховско-Тимирязевская;146;9;37.60418954;55.66215183;;;;;;;;;;
1761;Нахимовский проспект;Серпуховско-Тимирязевская;146;9;37.60696314;55.66359784;;;;;;;;;;
1764;Нахимовский проспект;Серпуховско-Тимирязевская;146;9;37.6060611;55.66386424;;;;;;;;;;
1904;Севастопольская;Серпуховско-Тимирязевская;147;9;37.59871272;55.65121768;;;;;;;;;;
1901;Севастопольская;Серпуховско-Тимирязевская;147;9;37.59808668;55.65160393;;;;;;;;;;
1902;Севастопольская;Серпуховско-Тимирязевская;147;9;37.59817538;55.65147017;;;;;;;;;;
1903;Севастопольская;Серпуховско-Тимирязевская;147;9;37.59863774;55.65091317;;;;;;;;;;
2012;Чертановская;Серпуховско-Тимирязевская;148;9;37.60425736;55.64062023;;;;;;;;;;
2045;Южная;Серпуховско-Тимирязевская;149;9;37.60874193;55.62356928;;;;;;;;;;
2046;Южная;Серпуховско-Тимирязевская;149;9;37.60893162;55.62102961;;;;;;;;;;
2044;Южная;Серпуховско-Тимирязевская;149;9;37.60776569;55.62133541;;;;;;;;;;
2047;Южная;Серпуховско-Тимирязевская;149;9;37.60998356;55.62341234;;;;;;;;;;
1850;Пражская;Серпуховско-Тимирязевская;150;9;37.60436362;55.61128212;;;;;;;;;;
1851;Пражская;Серпуховско-Тимирязевская;150;9;37.60481436;55.61356032;;;;;;;;;;
1848;Пражская;Серпуховско-Тимирязевская;150;9;37.60426606;55.61362405;;;;;;;;;;
1847;Пражская;Серпуховско-Тимирязевская;150;9;37.60407441;55.61074533;;;;;;;;;;
1852;Пражская;Серпуховско-Тимирязевская;150;9;37.60291738;55.61150486;;;;;;;;;;
1849;Пражская;Серпуховско-Тимирязевская;150;9;37.60437014;55.61152812;;;;;;;;;;
1854;Пражская;Серпуховско-Тимирязевская;150;9;37.60315622;55.61168362;;;;;;;;;;
1853;Пражская;Серпуховско-Тимирязевская;150;9;37.60272776;55.6108634;;;;;;;;;;
1891;Римская;Люблинско-Дмитровская;152;10;37.67912107;55.74646421;;;;;;;;;;
1892;Римская;Люблинско-Дмитровская;152;10;37.68126758;55.74649074;;;;;;;;;;
1680;Крестьянская Застава;Люблинско-Дмитровская;153;10;37.6653269;55.73233676;;;;;;;;;;
1647;Кожуховская;Люблинско-Дмитровская;154;10;37.68547061;55.70641671;;;;;;;;;;
1646;Кожуховская;Люблинско-Дмитровская;154;10;37.68544243;55.70621492;;;;;;;;;;
1830;Печатники;Люблинско-Дмитровская;155;10;37.72848865;55.69271635;;;;;;;;;;
1829;Печатники;Люблинско-Дмитровская;155;10;37.72834301;55.69240571;;;;;;;;;;
1826;Печатники;Люблинско-Дмитровская;155;10;37.72780986;55.69257919;;;;;;;;;;
1827;Печатники;Люблинско-Дмитровская;155;10;37.72783863;55.69292194;;;;;;;;;;
1828;Печатники;Люблинско-Дмитровская;155;10;37.72834143;55.69298055;;;;;;;;;;
1579;Волжская;Люблинско-Дмитровская;156;10;37.75636968;55.69071951;;;;;;;;;;
1578;Волжская;Люблинско-Дмитровская;156;10;37.75495028;55.69074395;;;;;;;;;;
1576;Волжская;Люблинско-Дмитровская;156;10;37.75130342;55.69159303;;;;;;;;;;
1577;Волжская;Люблинско-Дмитровская;156;10;37.75164779;55.69149484;;;;;;;;;;
1720;Люблино;Люблинско-Дмитровская;157;10;37.76211139;55.67716653;;;;;;;;;;
1721;Люблино;Люблинско-Дмитровская;157;10;37.76276441;55.67712522;;;;;;;;;;
1722;Люблино;Люблинско-Дмитровская;157;10;37.762984;55.67694509;;;;;;;;;;
1719;Люблино;Люблинско-Дмитровская;157;10;37.76180166;55.67709233;;;;;;;;;;
1718;Люблино;Люблинско-Дмитровская;157;10;37.76164217;55.67665573;;;;;;;;;;
1717;Люблино;Люблинско-Дмитровская;157;10;37.76084649;55.67457557;;;;;;;;;;
1543;Братиславская;Люблинско-Дмитровская;158;10;37.74841918;55.65887656;;;;;;;;;;
1549;Братиславская;Люблинско-Дмитровская;158;10;37.75184403;55.66017454;;;;;;;;;;
1544;Братиславская;Люблинско-Дмитровская;158;10;37.74903882;55.6587719;;;;;;;;;;
1545;Братиславская;Люблинско-Дмитровская;158;10;37.74949982;55.65932859;;;;;;;;;;
1546;Братиславская;Люблинско-Дмитровская;158;10;37.75012734;55.65883887;;;;;;;;;;
1548;Братиславская;Люблинско-Дмитровская;158;10;37.75267635;55.66008072;;;;;;;;;;
1547;Братиславская;Люблинско-Дмитровская;158;10;37.75226957;55.65993793;;;;;;;;;;
1729;Марьино;Люблинско-Дмитровская;159;10;37.74383299;55.65102829;;;;;;;;;;
1730;Марьино;Люблинско-Дмитровская;159;10;37.74384822;55.64921691;;;;;;;;;;
1731;Марьино;Люблинско-Дмитровская;159;10;37.74396929;55.64890005;;;;;;;;;;
1732;Марьино;Люблинско-Дмитровская;159;10;37.74450176;55.64929548;;;;;;;;;;
1734;Марьино;Люблинско-Дмитровская;159;10;37.74305776;55.65124937;;;;;;;;;;
1735;Марьино;Люблинско-Дмитровская;159;10;37.74317959;55.65094476;;;;;;;;;;
1733;Марьино;Люблинско-Дмитровская;159;10;37.74462349;55.64901079;;;;;;;;;;
1728;Марьино;Люблинско-Дмитровская;159;10;37.7437289;55.65130297;;;;;;;;;;
1603;Дубровка;Люблинско-Дмитровская;161;10;37.67677723;55.71730962;;;;;;;;;;
1977;Улица Академика Янгеля;Серпуховско-Тимирязевская;162;9;37.60103346;55.59431083;;;;;;;;;;
1985;Улица Академика Янгеля;Серпуховско-Тимирязевская;162;9;37.60017771;55.59582775;;;;;;;;;;
1986;Улица Академика Янгеля;Серпуховско-Тимирязевская;162;9;37.60039118;55.59443424;;;;;;;;;;
1989;Улица Академика Янгеля;Серпуховско-Тимирязевская;162;9;37.60267186;55.59568282;;;;;;;;;;
1988;Улица Академика Янгеля;Серпуховско-Тимирязевская;162;9;37.60182793;55.59420603;;;;;;;;;;
1987;Улица Академика Янгеля;Серпуховско-Тимирязевская;162;9;37.60100749;55.59608284;;;;;;;;;;
1507;Аннино;Серпуховско-Тимирязевская;163;9;37.59620509;55.58161894;;;;;;;;;;
1506;Аннино;Серпуховско-Тимирязевская;163;9;37.59656057;55.58378375;;;;;;;;;;
2058;Бульвар Дмитрия Донского;Серпуховско-Тимирязевская;164;9;37.57617723;55.56877444;;;;;;;;;;
1552;Бульвар Дмитрия Донского;Серпуховско-Тимирязевская;164;9;37.5772271;55.57026073;;;;;;;;;;
2057;Бульвар Дмитрия Донского;Серпуховско-Тимирязевская;164;9;37.575442;55.56884159;;;;;;;;;;
1551;Бульвар Дмитрия Донского;Серпуховско-Тимирязевская;164;9;37.57644945;55.57033056;;;;;;;;;;
1814;Парк Победы;Арбатско-Покровская;165;3;37.51734005;55.73667489;;;;;;;;;;
1810;Парк Победы;Арбатско-Покровская;165;3;37.5146444;55.73645011;;;;;;;;;;
1811;Парк Победы;Арбатско-Покровская;165;3;37.51722393;55.73582414;;;;;;;;;;
1812;Парк Победы;Арбатско-Покровская;165;3;37.51758427;55.73631775;;;;;;;;;;
1813;Парк Победы;Арбатско-Покровская;165;3;37.51776448;55.73592715;;;;;;;;;;
1965;Трубная;Люблинско-Дмитровская;166;10;37.62192832;55.76777678;;;;;;;;;;
1771;Новокосино;Калининская;186;8;37.86265975;55.74384006;;;;;;;;;;
1772;Новокосино;Калининская;186;8;37.86247006;55.74410753;;;;;;;;;;
1770;Новокосино;Калининская;186;8;37.86631082;55.74448476;;;;;;;;;;
1769;Новокосино;Калининская;186;8;37.86543824;55.74604408;;;;;;;;;;
1773;Новокосино;Калининская;186;8;37.86162594;55.74540743;;;;;;;;;;
1586;Выставочная;Филевская;188;4;37.54386679;55.7483359;;;;;;;;;;
1587;Выставочная;Филевская;188;4;37.542603;55.75014778;;;;;;;;;;
1740;Международная;Филевская;189;4;37.53289211;55.74802141;;;;;;;;;;
1994;Улица Старокачаловская;Бутовская;191;12;37.5754;55.5688;;;;;;;;;;
1993;Улица Скобелевская;Бутовская;192;12;37.55272636;55.54816066;;;;;;;;;;
2059;Улица Скобелевская;Бутовская;192;12;37.55628705;55.54845635;;;;;;;;;;
1550;Бульвар Адмирала Ушакова;Бутовская;193;12;37.54428498;55.54588588;;;;;;;;;;
1974;Улица Горчакова;Бутовская;194;12;37.53206874;55.54233789;;;;;;;;;;
1697;Кунцевская;Арбатско-Покровская;210;3;37.44675528;55.7308723;;;;;;;;;;
1696;Кунцевская;Арбатско-Покровская;210;3;37.44541338;55.73072578;;;;;;;;;;
1698;Кунцевская;Арбатско-Покровская;210;3;37.44570738;55.7305726;;;;;;;;;;
1699;Кунцевская;Арбатско-Покровская;210;3;37.4463641;55.73066225;;;;;;;;;;
1927;Строгино;Арбатско-Покровская;211;3;37.40156188;55.80445351;;;;;;;;;;
1928;Строгино;Арбатско-Покровская;211;3;37.40394232;55.80293529;;;;;;;;;;
1926;Строгино;Арбатско-Покровская;211;3;37.40110672;55.80371507;;;;;;;;;;
1929;Строгино;Арбатско-Покровская;211;3;37.40453972;55.80372048;;;;;;;;;;
1887;Пятницкое шоссе;Арбатско-Покровская;212;3;37.35531477;55.85698592;;;;;;;;;;
1886;Пятницкое шоссе;Арбатско-Покровская;212;3;37.35285393;55.85539365;;;;;;;;;;
1885;Пятницкое шоссе;Арбатско-Покровская;212;3;37.35404886;55.85520698;;;;;;;;;;
1884;Пятницкое шоссе;Арбатско-Покровская;212;3;37.35457284;55.85485626;;;;;;;;;;
1750;Митино;Арбатско-Покровская;213;3;37.36023446;55.84586718;;;;;;;;;;
1745;Митино;Арбатско-Покровская;213;3;37.36089827;55.84625935;;;;;;;;;;
1744;Митино;Арбатско-Покровская;213;3;37.35912962;55.84626732;;;;;;;;;;
1746;Митино;Арбатско-Покровская;213;3;37.36341622;55.84481081;;;;;;;;;;
1747;Митино;Арбатско-Покровская;213;3;37.36034344;55.84710767;;;;;;;;;;
1748;Митино;Арбатско-Покровская;213;3;37.36379076;55.84561916;;;;;;;;;;
1749;Митино;Арбатско-Покровская;213;3;37.36159528;55.84664352;;;;;;;;;;
1580;Волоколамская;Арбатско-Покровская;214;3;37.3817157;55.83640171;;;;;;;;;;
1581;Волоколамская;Арбатско-Покровская;214;3;37.3836694;55.83466992;;;;;;;;;;
1753;Мякинино;Арбатско-Покровская;215;3;37.38508791;55.82347788;;;;;;;;;;
1908;Славянский бульвар;Арбатско-Покровская;216;3;37.46914579;55.72877767;;;;;;;;;;
1911;Славянский бульвар;Арбатско-Покровская;216;3;37.47251701;55.73078589;;;;;;;;;;
1910;Славянский бульвар;Арбатско-Покровская;216;3;37.47308133;55.72997248;;;;;;;;;;
1909;Славянский бульвар;Арбатско-Покровская;216;3;37.47269256;55.72922861;;;;;;;;;;
1727;Марьина роща;Люблинско-Дмитровская;217;10;37.61662232;55.79623562;;;;;;;;;;
1725;Марьина роща;Люблинско-Дмитровская;217;10;37.61696628;55.79350025;;;;;;;;;;
1726;Марьина роща;Люблинско-Дмитровская;217;10;37.6158093;55.79353829;;;;;;;;;;
1602;Достоевская;Люблинско-Дмитровская;218;10;37.61433829;55.7812649;;;;;;;;;;
1601;Достоевская;Люблинско-Дмитровская;218;10;37.61415809;55.78155283;;;;;;;;;;
1924;Сретенский Бульвар;Люблинско-Дмитровская;219;10;37.63712365;55.76611907;;;;;;;;;;
1925;Сретенский Бульвар;Люблинско-Дмитровская;219;10;37.63757415;55.76567532;;;;;;;;;;
1538;Борисово;Люблинско-Дмитровская;220;10;37.74443648;55.63393995;;;;;;;;;;
1537;Борисово;Люблинско-Дмитровская;220;10;37.74370286;55.63240185;;;;;;;;;;
2021;Шипиловская;Люблинско-Дмитровская;221;10;37.74299512;55.6201792;;;;;;;;;;
2022;Шипиловская;Люблинско-Дмитровская;221;10;37.74381477;55.62214926;;;;;;;;;;
2023;Шипиловская;Люблинско-Дмитровская;221;10;37.74408811;55.62034034;;;;;;;;;;
2024;Шипиловская;Люблинско-Дмитровская;221;10;37.74259635;55.62214164;;;;;;;;;;
1605;Зябликово;Люблинско-Дмитровская;222;10;37.74408016;55.61329866;;;;;;;;;;
1604;Зябликово;Люблинско-Дмитровская;222;10;37.74517313;55.61332082;;;;;;;;;;
1501;Алма-Атинская;Замоскворецкая;223;2;37.7656705;55.63347431;;;;;;;;;;
1500;Алма-Атинская;Замоскворецкая;223;2;37.7669485;55.6318689;;;;;;;;;;
